address,floor,area,rent,price,date,kr_sqm,change,sqm,rooms
Ringvägen 106,1.0,"Sofia,",1948.0,5400000.0,2020-03-20,84375.0,14.0,64.0,2.0
Bergsunds Strand 38,3.0,"Högalid,",2271.0,3600000.0,2020-03-20,75000.0,9.0,48.0,2.0
Heimdalsgatan 3,4.0,"Vasastan - Odenplan,",4561.0,11500000.0,2020-03-20,111650.0,15.0,103.0,5.0
Tegnérgatan 55A,6.0,"Vasastan,",2089.0,4120000.0,2020-03-20,137333.0,33.0,30.0,2.0
Fridhemsgatan 33,1.0,"Kungsholmen,",3521.0,6300000.0,2020-03-20,92647.0,11.0,68.0,3.0
Gästrikegatan 18A,3.0,"Vasastan,",1939.0,5500000.0,2020-03-20,105769.0,22.0,52.0,2.0
Hjalmar Söderbergs väg 8,2.0,"Kungsholmen / Kristineberg,",2996.0,3650000.0,2020-03-20,76042.0,3.0,48.0,2.0
Flottbrovägen 15,2.0,"Kungsholmen - Stora Essingen,",2198.0,2800000.0,2020-03-20,73684.0,8.0,38.0,2.0
Blanchegatan 4,2.0,"Östermalm - Tessinparken,",3099.0,4750000.0,2020-03-20,84821.0,3.0,56.0,2.0
Kvarngatan 5,1.0,"Södermalm,",1948.0,2950000.0,2020-03-20,113462.0,15.0,26.0,1.0
Heleneborgsgatan 25A,4.0,"Södermalm- Hornstull,",2159.0,3900000.0,2020-03-20,114706.0,30.0,34.0,2.0
Alströmergatan 32B,4.0,"Kungsholmen,",2222.0,4500000.0,2020-03-20,91837.0,16.0,49.0,2.0
Västmannagatan 101,4.0,"Vasastan - Odenplan,",4251.0,7800000.0,2020-03-19,92857.0,12.0,84.0,3.0
Bergsgatan 49,2.0,"Kungsholmen/Kungsholmstorg,",1265.0,2800000.0,2020-03-19,100000.0,14.0,28.0,1.0
Roslagsgatan 17,5.0,"Vasastan,",2019.0,12600000.0,2020-03-19,116667.0,16.0,108.0,4.0
Hagagatan 48,2.0,,4130.0,9700000.0,2020-03-19,100000.0,16.0,97.0,4.0
Bysistorget 4,4.0,"Södermalm,",838.0,3030000.0,2020-03-19,101000.0,14.0,30.0,1.0
Tvätterskevägen 6,1.0,"Kungsholmen - Stora Essingen,",2789.0,3275000.0,2020-03-19,69681.0,1.0,47.0,3.0
Gaveliusgatan 8,2.0,"Södermalm,",1948.0,4400000.0,2020-03-19,91667.0,13.0,48.0,2.0
Scheelegatan 38 B,8.0,"Kungsholmen,",3756.0,6250000.0,2020-03-19,76220.0,6.0,82.0,3.0
Möregatan 6,2.0,"Katarina,",3455.0,5150000.0,2020-03-19,88793.0,21.0,58.0,2.0
Hagagatan 50,5.0,"Vasastan,",5265.0,8360000.0,2020-03-19,98353.0,2.0,85.0,3.0
Essingetorget 39,1.0,"Kungsholmen - Stora Essingen,",2670.0,3700000.0,2020-03-19,71154.0,9.0,52.0,2.0
Kungsklippan 11,4.0,"Kungsholmen Rådhuset,",1731.0,2500000.0,2020-03-19,104167.0,25.0,24.0,1.0
Dalagatan 86 B,2.0,"Vasastan,",2074.0,3515000.0,2020-03-19,103382.0,17.0,34.0,2.0
Celsiusgatan 4,3.0,"Kungsholmen,",2291.0,3500000.0,2020-03-19,87500.0,8.0,40.0,2.0
Kungstensgatan 28 D,2.0,"Vasastan,",1426.0,4900000.0,2020-03-19,81667.0,2.0,60.0,2.0
Ringvägen 162,4.0,"Södermalm / SoFo,",1565.0,2740000.0,2020-03-19,91333.0,10.0,30.0,1.0
Sofiagatan 1,4.0,"Katarina,",2394.0,5900000.0,2020-03-04,101724.0,18.0,58.0,2.0
Frejgatan 18,3.0,"Vasastan - Sibirien,",2043.0,4360000.0,2020-03-04,99091.0,12.0,44.0,2.0
Linnégatan 20,4.0,"Östermalm,",4089.0,7500000.0,2020-03-04,102740.0,3.0,73.0,3.0
Hornsgatan 90,4.0,"Södermalm,",742.0,4100000.0,2020-03-04,113889.0,30.0,36.0,2.0
Tegnérgatan 55B,2.0,"Vasastan - City/norrmalm,",3573.0,5870000.0,2020-03-04,99492.0,12.0,59.0,2.0
Gävlegatan 13,4.0,"Vasastan,",2337.0,4250000.0,2020-03-04,96591.0,18.0,44.0,2.0
Pipersgatan 2,2.0,"Kungsholmen - vid Kungsholmstorg,",854.0,9200000.0,2020-03-04,117949.0,18.0,78.0,3.0
Götgatan 96,4.0,"Katarina,",1319.0,4600000.0,2020-03-04,95833.0,12.0,48.0,2.0
Kommendörsgatan 3,2.0,"Östermalm,",1381.0,6260000.0,2020-03-04,120385.0,14.0,52.0,2.0
Norr Mälarstrand 68,6.0,"Kungsholmen,",1036.0,3010000.0,2020-03-04,136818.0,51.0,22.0,1.0
Igeldammsgatan 22 B,1.0,"Kungsholmen,",3172.0,4530000.0,2020-03-04,113250.0,21.0,40.0,2.0
Rörstrandsgatan 32,4.0,"Vasastan/Birkastan,",4238.0,11600000.0,2020-03-04,104505.0,17.0,111.0,4.0
Vanadisplan 1,4.0,"Vasastan,",3305.0,7700000.0,2020-03-04,93902.0,19.0,82.0,3.0
Döbelnsgatan 13,2.0,"Vasastan - Norrmalm,",2699.0,6450000.0,2020-03-04,115179.0,21.0,56.0,2.0
Markvardsgatan 4,3.0,"Vasastan - Norrmalm,",2987.0,7185000.0,2020-03-04,114048.0,20.0,63.0,3.0
Luxgatan 27,5.0,"Lilla Essingen,",4183.0,5500000.0,2020-03-04,76389.0,4.0,72.0,3.0
Sankt Eriksgatan 92,3.0,"Vasastan,",3111.0,7300000.0,2020-03-04,97333.0,5.0,75.0,3.0
Strålgatan 35,3.0,"Lilla Essingen,",2494.0,3140000.0,2020-03-04,74762.0,8.0,42.0,2.0
Åsögatan 96,6.0,,2181.0,3400000.0,2020-03-04,103030.0,26.0,33.0,2.0
Åsögatan 190,1.0,"Södermalm,",2221.0,4400000.0,2020-03-04,89796.0,10.0,49.0,2.0
Garvar Lundins gränd 10,4.0,"Kungsholmen Norr Mälarstrand,",2856.0,4950000.0,2020-03-03,101020.0,25.0,49.0,2.0
Hagagatan 8A,45.0,"Vasastan,",2561.0,6630000.0,2020-03-03,118393.0,21.0,56.0,2.0
Olaus petrigatan 12,2.0,"Nedre Gärdet / Östermalm,",4010.0,7840000.0,2020-03-03,93333.0,12.0,84.0,3.0
Rörstrandsgatan 16,3.0,"Vasastan Birkastan,",3748.0,9925000.0,2020-03-03,102320.0,13.0,97.0,3.0
Gotlandsgatan 71,4.0,"Södermalm SoFo,",2213.0,3500000.0,2020-03-03,83333.0,18.0,42.0,1.0
Högbergsgatan 81D,2.0,"Södermalm - Mariatorget,",3057.0,4825000.0,2020-03-03,94608.0,10.0,51.0,2.0
Kungsholms Strand 183,1.0,"Kungsholmen,",2585.0,3950000.0,2020-03-03,94048.0,20.0,42.0,2.0
Bråvallagatan 8,5.0,"Vasastan - Birkastan,",2206.0,2860000.0,2020-03-02,114400.0,15.0,25.0,1.0
Birger Jarlsgatan 104A,4.0,"Vasastan,",1679.0,2600000.0,2020-03-02,136842.0,30.0,19.0,1.0
Birkagatan 27,2.0,"Vasastan,",2756.0,8000000.0,2020-03-02,114286.0,25.0,70.0,3.0
Fyrverkarbacken 25,2.0,"Kungsholmen,",2214.0,2950000.0,2020-03-01,68605.0,2.0,43.0,1.0
Roslagsgatan 41,1.0,"Vasastan,",3413.0,5575000.0,2020-03-01,94492.0,13.0,59.0,2.0
Holländargatan 9A,4.0,"Norrmalm/Vasastan,",3984.0,7600000.0,2020-02-29,107042.0,1.0,71.0,3.0
Wittstocksgatan 30,3.0,"Östermalm,",1111.0,5900000.0,2020-02-28,103509.0,4.0,57.0,2.0
Banérgatan 79,2.0,"Nedre Gärdet,",2865.0,7025000.0,2020-02-28,93667.0,8.0,75.0,3.0
Hälsingegatan 37,5.0,"Vasastan,",1860.0,4625000.0,2020-02-28,96354.0,16.0,48.0,2.0
Holländargatan 9A,1.0,"Vasastan/Norrmalm/City,",3648.0,6125000.0,2020-02-28,94231.0,8.0,65.0,2.0
Brännkyrkagatan 66,3.0,"Södermalm,",1689.0,3600000.0,2020-02-28,90000.0,13.0,40.0,2.0
Birger Jarlsgatan 104 B,2.0,"Vasastan,",2279.0,3300000.0,2020-02-28,106452.0,11.0,31.0,2.0
Erik Dahlbergsgatan 27,55.0,"Östermalm / Nedre Gärdet,",2020.0,3700000.0,2020-02-27,105714.0,20.0,35.0,2.0
Ernst Ahlgrens Väg 10,2.0,"Kungsholmen - Fredhäll,",2260.0,3200000.0,2020-02-27,78049.0,7.0,41.0,2.0
Rörstrandsgatan 56B,4.0,"Vasastan - Birkastan,",2435.0,3700000.0,2020-02-27,108824.0,16.0,34.0,2.0
Skeppargatan 75,5.0,"Nedre Gärdet / Östermalm,",1337.0,2900000.0,2020-02-27,120833.0,21.0,24.0,1.0
Hästholmsvägen 17,5.0,"Södermalm / Danviksklippan,",1881.0,2430000.0,2020-02-27,86786.0,11.0,28.0,1.0
Falugatan 22,1.0,"Vasastan - Röda bergen,",2337.0,3400000.0,2020-02-27,91892.0,15.0,37.0,1.0
Ingemarsgatan 7,2.0,"Vasastan,",2050.0,3650000.0,2020-02-27,104286.0,16.0,35.0,1.0
Timmermansgatan 38 B,4.0,"Maria,",2823.0,5225000.0,2020-02-26,104500.0,31.0,50.0,2.0
Ingemarsgatan 2,4.0,"Vasastan - Sibirien,",2387.0,3700000.0,2020-02-26,68519.0,6.0,54.0,2.0
Folkungagatan 136B,4.0,"Katarina/Sofia,",1605.0,2675000.0,2020-02-26,95536.0,12.0,28.0,1.0
Valhallavägen 53,5.0,"Östermalm,",1796.0,3010000.0,2020-02-26,107500.0,12.0,28.0,1.0
Odengatan 37A,1.0,"Vasastan,",1010.0,6000000.0,2020-02-26,100000.0,13.0,60.0,2.0
Madängsgatan 22,3.0,"Norra Djurgårdsstaden,",4998.0,6800000.0,2020-02-26,80952.0,10.0,84.0,4.0
Ringvägen 155,2.0,"Södermalm,",1863.0,3000000.0,2020-02-26,88235.0,25.0,34.0,1.0
Sandhamnsgatan 13,5.0,"Gärdet / Östermalm,",2355.0,2850000.0,2020-02-26,101786.0,24.0,28.0,1.0
Kungsholms Strand 143,2.0,"Kungsholmen,",1965.0,4320000.0,2020-02-26,93913.0,20.0,46.0,2.0
Kungsholms strand 137,4.0,"Kungsholmen,",1946.0,3500000.0,2020-02-26,94595.0,17.0,37.0,2.0
Björngårdsgatan 17,2.0,"Södermalm - Mariatorget,",5433.0,11600000.0,2020-02-26,101754.0,10.0,114.0,4.0
Upplandsgatan 22,3.0,"Vasastan - Odenplan,",2454.0,7090000.0,2020-02-25,107424.0,18.0,66.0,3.0
Skånegatan 80,4.0,"Nytorget-Södermalm,",2605.0,7200000.0,2020-02-25,107463.0,26.0,67.0,3.0
Kungsklippan 11,2.0,"Kungsholmen,",1714.0,2850000.0,2020-02-25,118750.0,43.0,24.0,1.0
Tomtebogatan 49,3.0,"Vasastan - Birkastan,",3167.0,6330000.0,2020-02-25,109138.0,16.0,58.0,2.0
Nordenflychtsvägen 62,3.0,"Kungsholmen,",2153.0,4925000.0,2020-02-25,79435.0,5.0,62.0,2.0
Krukmakargatan 14,1.0,"Södermalm - Mariatorget,",1775.0,5275000.0,2020-02-25,87917.0,17.0,60.0,2.0
Tomtebogatan 40,2.0,"Vasastan - Birkastan,",2588.0,5600000.0,2020-02-25,96552.0,12.0,58.0,2.0
Skånegatan 80,4.0,"Nytorget-Södermalm,",2894.0,7200000.0,2020-02-25,107463.0,26.0,67.0,3.0
Birger Jarlsgatan 104I,44.0,"Vasastan / Östermalm,",3958.0,6400000.0,2020-02-25,112281.0,19.0,57.0,2.0
Brantingsgatan 51,1.0,"Gärdet / Östermalm,",1762.0,3040000.0,2020-02-25,108571.0,27.0,28.0,1.0
Åsögatan 194,4.0,"Södermalm,",2801.0,5300000.0,2020-02-25,94643.0,12.0,56.0,2.0
Sankt Eriksgatan 101,2.0,"Vasastan,",2348.0,4430000.0,2020-02-25,92292.0,11.0,48.0,2.0
Norrtullsgatan 11,5.0,"Vasastan,",1210.0,4750000.0,2020-02-25,118750.0,32.0,40.0,2.0
Strindbergsgatan 44,2.0,"Östermalm / Nedre Gärdet,",2134.0,4625000.0,2020-02-25,118590.0,25.0,39.0,2.0
Hagagatan 9,3.0,"Vasastan,",2502.0,7225000.0,2020-02-25,114683.0,23.0,63.0,3.0
Sigtunagatan 1,1.0,"Vasastan,",829.0,4900000.0,2020-02-25,113953.0,24.0,43.0,2.0
Vikingagatan 12,2.0,"Vasastan - Birkastan,",1610.0,6500000.0,2020-02-25,116071.0,24.0,56.0,2.0
Parkgatan 6,1.0,"Kungsholmen,",1843.0,3925000.0,2020-02-25,112143.0,12.0,35.0,2.0
Fleminggatan 81,1.0,"Kungsholmen,",3495.0,6900000.0,2020-02-25,83133.0,5.0,83.0,4.0
Södra Agnegatan 20,1.0,"Kungsholmen,",787.0,3300000.0,2020-02-25,132000.0,32.0,25.0,1.0
Grevgatan 23B,1.0,"Östermalm,",1513.0,3300000.0,2020-02-25,137500.0,25.0,24.0,1.0
Gävlegatan 32,3.0,"Vasastan,",2500.0,4650000.0,2020-02-24,93000.0,1.0,50.0,2.0
Grindsgatan 31,3.0,"Katarina/Sofia,",1276.0,2250000.0,2020-02-24,107143.0,15.0,21.0,1.0
Sonja Kovalevskys Gata 3,2.0,"Hagastaden - Vasastan,",1750.0,3600000.0,2020-02-24,102857.0,13.0,35.0,2.0
Kungsklippan 12,6.0,"Kungsholmen,",2906.0,4400000.0,2020-02-24,122222.0,35.0,36.0,2.0
Tobaksspinnargatan 10,4.0,"Högalid - Södermalm,",2415.0,3817500.0,2020-02-24,90893.0,9.0,42.0,2.0
Hantverkargatan 30A,3.0,"Kungsholmen,",1457.0,8700000.0,2020-02-24,110127.0,24.0,79.0,3.0
Roslagsgatan 35A,2.0,"Vasastan - Sibirien,",2292.0,5000000.0,2020-02-23,106383.0,16.0,47.0,2.0
Gästrikegatan 8,2.0,"Vasastan,",4966.0,10200000.0,2020-02-23,120000.0,18.0,85.0,3.0
Erik Dahlbergsgatan 41,6.0,"Gärdet,",3927.0,7000000.0,2020-02-23,98592.0,10.0,71.0,3.0
Bohusgatan 27,3.0,"Sofia,",2434.0,3150000.0,2020-02-22,92647.0,11.0,34.0,1.0
Norrtullsgatan 32,5.0,"Vasastan,",2691.0,4400000.0,2020-02-22,89796.0,16.0,49.0,2.0
Luxgatan 25,66.0,"Lilla Essingen \ Kungsholmen,",5325.0,9600000.0,2020-02-22,96000.0,13.0,100.0,4.0
Drottningholmsvägen 72,1.0,"Kungsholmen/Thorildsplan,",1419.0,2900000.0,2020-02-21,107407.0,21.0,27.0,1.0
Husarviksgatan 8,5.0,"Norra Djurgårdsstaden,",4700.0,6870000.0,2020-02-21,85875.0,1.0,80.0,4.0
Dannemoragatan 18,2.0,"Vasastan,",1885.0,3400000.0,2020-02-21,94444.0,6.0,36.0,1.0
Blanchegatan 4,4.0,"Östermalm - Tessinparken,",4500.0,9400000.0,2020-02-21,108046.0,11.0,87.0,3.0
Valhallavägen 10,4.0,"Östermalm,",1776.0,5810000.0,2020-02-21,79589.0,6.0,73.0,3.0
Fyrverkarbacken 25,13.0,"Kungsholmen,",2295.0,3050000.0,2020-02-21,70930.0,2.0,43.0,1.0
Västgötagatan 22,1.0,"Södermalm Katarina,",1816.0,3375000.0,2020-02-21,102273.0,22.0,33.0,2.0
Malmgårdsvägen 20,5.0,"Södermalm,",2991.0,5150000.0,2020-02-21,88793.0,20.0,58.0,2.0
Gammelgårdsvägen 23,1.0,"Stora Essingen,",3302.0,4170000.0,2020-02-21,71897.0,10.0,58.0,3.0
Rutger Fuchsgatan 9,3.0,"Katarina/Sofia,",1911.0,2950000.0,2020-02-21,95161.0,18.0,31.0,1.0
Garvargatan 22,4.0,"Kungsholmen,",3020.0,6750000.0,2020-02-21,90000.0,8.0,75.0,3.0
Metargatan 3,1.0,"Södermalm,",704.0,3310000.0,2020-02-21,97353.0,7.0,34.0,1.0
Chapmansgatan 5,6.0,"Kungsholmen,",6132.0,15260000.0,2020-02-21,106713.0,14.0,143.0,5.0
Hagagatan 15E,3.0,"Vasastan,",3861.0,7000000.0,2020-02-21,90909.0,9.0,77.0,3.0
Kocksgatan 32,12.0,"SOFO / Södermalm,",3194.0,4950000.0,2020-02-21,83898.0,13.0,59.0,2.0
Frejgatan 89,2.0,"Vasastan,",949.0,2610000.0,2020-02-20,153529.0,23.0,17.0,1.0
Kungsholmsgatan 9,3.0,"Kungsholmen,",2778.0,3500000.0,2020-02-20,102941.0,17.0,34.0,2.0
David Bagares Gata 20 A,2.0,"Vasastan - City/Norrmalm,",1123.0,3300000.0,2020-02-20,117857.0,27.0,28.0,1.0
Tomtebogatan 32,1.0,"Vasastan - Birkastan,",4541.0,7200000.0,2020-02-20,82759.0,3.0,87.0,3.0
Primusgatan 91,3.0,"Lilla Essingen - Kungsholmen,",3727.0,4550000.0,2020-02-20,73387.0,14.0,62.0,2.0
Celsiusgatan 4,5.0,"Kungsholmen,",1525.0,3220000.0,2020-02-20,123846.0,17.0,26.0,1.0
Götgatan 96,3.0,"Katarina/Sofia,",2001.0,6930000.0,2020-02-20,84512.0,11.0,82.0,3.0
Helgagatan 36A,3.0,"Södermalm Katarina,",2077.0,3300000.0,2020-02-20,91667.0,11.0,36.0,1.0
Karlavägen 70,1.0,"Östermalm,",1428.0,5925000.0,2020-02-20,126064.0,14.0,47.0,2.0
Tegnérlunden 6,1.0,"Vasastan - Tegnérlunden,",3078.0,5675000.0,2020-02-20,90079.0,3.0,63.0,2.0
Bergsundsgatan 7,6.0,"Södermalm Högalid,",2673.0,4050000.0,2020-02-20,115714.0,35.0,35.0,2.0
Bergsmarksvägen 12,2.0,"Stora Essingen,",3390.0,4400000.0,2020-02-20,77193.0,16.0,57.0,2.0
Furusundsgatan 11,7.0,"Gärdet,",2094.0,3875000.0,2020-02-20,113971.0,21.0,34.0,2.0
Sankt Paulsgatan 4 A,23.0,"Södermalm,",5218.0,8200000.0,2020-02-20,87234.0,12.0,94.0,4.0
Kungsholmsgatan 15,3.0,"Kungsholmen,",3598.0,6600000.0,2020-02-20,92958.0,10.0,71.0,3.0
Rålambsvägen 29,5.0,"Kungsholmen,",2922.0,4000000.0,2020-02-20,78431.0,15.0,51.0,2.0
Karlbergsvägen 89,2.0,"Vasastan / Birkastan,",2563.0,9650000.0,2020-02-20,98469.0,2.0,98.0,4.0
Artillerigatan 85,3.0,"Nedre Gärdet / Östermalm,",2551.0,6025000.0,2020-02-20,100417.0,16.0,60.0,2.0
Karlbergsvägen 50,4.0,"Vasastan,",3558.0,10800000.0,2020-02-20,121348.0,16.0,89.0,3.0
Hornsgatan 64 A,5.0,"Maria,",4981.0,10400000.0,2020-02-19,77037.0,2.0,135.0,4.0
Kammakargatan 19,3.0,"Vasastan,",1748.0,3650000.0,2020-02-19,96053.0,8.0,38.0,2.0
Skaraborgsgatan 9,4.0,"Maria,",3733.0,3850000.0,2020-02-19,78571.0,12.0,49.0,2.0
Högalidsgatan 42 D,3.0,"Hornstull,",1949.0,3550000.0,2020-02-19,98611.0,19.0,36.0,1.0
Vanadisvägen 23,3.0,"Vasastan,",5705.0,17200000.0,2020-02-19,105521.0,15.0,163.0,5.0
Bjurholmsgatan 37,1.0,"Södermalm Katarina,",3224.0,6450000.0,2020-02-19,97727.0,30.0,66.0,3.0
Öregrundsgatan 6,67.0,"Östermalm / Gärdet,",2884.0,4100000.0,2020-02-19,80392.0,17.0,51.0,2.0
Surbrunnsgatan 43B,2.0,"Vasastan,",2526.0,5000000.0,2020-02-19,104167.0,11.0,48.0,2.0
Lidnersgatan 12A,1.0,"Kungsholmen,",3222.0,3350000.0,2020-02-19,76136.0,24.0,44.0,2.0
Lundagatan 40B,3.0,"Södermalm,",1438.0,2500000.0,2020-02-19,96154.0,9.0,26.0,1.0
Storskärsgatan 4,5.0,"Nedre Gärdet / Östermalm,",1151.0,2800000.0,2020-02-19,112000.0,12.0,25.0,1.0
Grev Turegatan 59 C,3.0,"Östermalm,",3527.0,9400000.0,2020-02-19,127027.0,6.0,74.0,3.0
Slipgatan 5,1.0,"Södermalm,",2153.0,3450000.0,2020-02-19,84146.0,15.0,41.0,2.0
Vegagatan 18,2.0,"Vasastan/Odenplan,",2710.0,5500000.0,2020-02-19,107843.0,29.0,51.0,2.0
Lorensbergsgatan 5,5.0,"Södermalm,",1878.0,4375000.0,2020-02-19,115132.0,26.0,38.0,2.0
Rödabergsgatan 8,4.0,"Vasastan,",1597.0,3940000.0,2020-02-19,106486.0,20.0,37.0,2.0
Västmannagatan 50,77.0,"Vasastan/Odenplan,",1989.0,5500000.0,2020-02-19,171875.0,22.0,32.0,2.0
Inedalsgatan 15,4.0,"Kungsholmen,",1371.0,2930000.0,2020-02-19,146500.0,5.0,20.0,1.0
Chapmansgatan 3,5.0,"Kungsholmen,",3787.0,9700000.0,2020-02-19,110227.0,18.0,88.0,3.0
Blekholmsterrassen 7,7.0,"Norrmalm - City - Kungsholmen - Vasastan,",5216.0,5425000.0,2020-02-19,79779.0,14.0,68.0,3.0
Döbelnsgatan 95,3.0,"Vasastan - Sibirien,",985.0,3510000.0,2020-02-19,90000.0,17.0,39.0,1.0
Stureparken 11,2.0,"Östermalm,",1600.0,5600000.0,2020-02-19,107692.0,8.0,52.0,2.0
Linnégatan 39B,4.0,"Östermalm,",1216.0,3250000.0,2020-02-19,135417.0,23.0,24.0,1.0
Robert Almströmsgatan 10,2.0,"Vasastan - Birkastan,",2578.0,7425000.0,2020-02-18,117857.0,24.0,63.0,3.0
Geijersvägen 21,1.0,"Kungsholmen/Thorildsplan,",2275.0,3500000.0,2020-02-18,74468.0,17.0,47.0,2.0
Svarvargatan 12,2.0,"Kungsholmen,",1999.0,3450000.0,2020-02-18,104545.0,15.0,33.0,2.0
Sankt Göransgatan 98,4.0,"Kungsholmen Fridhemsplan,",5384.0,9950000.0,2020-02-18,83613.0,17.0,119.0,5.0
Tjärhovsgatan 6,5.0,"Södermalm Medborgarplatsen,",4656.0,11380000.0,2020-02-18,112673.0,20.0,101.0,4.0
Rörstrandsgatan 10,3.0,"Vasastan,",3099.0,10100000.0,2020-02-18,109783.0,9.0,92.0,3.0
Hornsgatan 180,1.0,"Hornstull - Södermalm,",2114.0,3340000.0,2020-02-18,115172.0,34.0,29.0,1.0
Västmannagatan 80,1.0,"Vasastan - Odenplan,",1293.0,4080000.0,2020-02-18,116571.0,20.0,35.0,1.0
Inedalsgatan 21,1.0,"Kungsholmen,",1594.0,3070000.0,2020-02-18,102333.0,18.0,30.0,1.0
Upplandsgatan 71,3.0,"Vasastan,",1845.0,6425000.0,2020-02-18,112719.0,24.0,57.0,3.0
Rindögatan 15,5.0,"Gärdet / Östermalm,",3774.0,5500000.0,2020-02-18,96491.0,17.0,57.0,2.0
Hornsgatan 156,2.0,"HORNSTULL,",3011.0,5725000.0,2020-02-18,95417.0,15.0,60.0,2.0
Idungatan 7C,4.0,"Vasastan,",2358.0,7610000.0,2020-02-18,115303.0,25.0,66.0,2.0
Upplandsgatan 65A Gårdshus,2.0,"Vasastan - Odenplan,",2328.0,6650000.0,2020-02-18,114655.0,22.0,58.0,2.0
Norr Mälarstrand 78,6.0,"Kungsholmen,",4125.0,13500000.0,2020-02-18,129808.0,35.0,104.0,4.0
Inedalsgatan 9 F,3.0,"Kungsholmen,",2949.0,6840000.0,2020-02-18,84444.0,19.0,81.0,3.0
Bergsgatan 57,2.0,"Kungsholmen,",3176.0,15000000.0,2020-02-18,112782.0,16.0,133.0,4.0
Eriksbergsgatan 11,4.0,"Östermalm,",2284.0,13500000.0,2020-02-18,137755.0,13.0,98.0,3.0
Magnus Ladulåsgatan 35,4.0,"Södermalm,",3268.0,5820000.0,2020-02-18,77600.0,17.0,75.0,3.0
Karlsviksgatan 4,2.0,"Kungsholmen / Norr Mälarstrand,",2748.0,6025000.0,2020-02-18,91288.0,8.0,66.0,2.0
Torsgatan 38 A,4.0,"Vasastan,",2939.0,9300000.0,2020-02-18,122368.0,24.0,76.0,3.0
Fridhemsgatan 13,5.0,"Kungsholmen,",1774.0,3800000.0,2020-02-18,115152.0,27.0,33.0,2.0
Vintertullstorget 24,4.0,"Sofia,",4936.0,7600000.0,2020-02-17,89412.0,27.0,85.0,3.0
Kungsholmsgatan 15,5.0,"Kungsholmen,",3668.0,7360000.0,2020-02-17,103662.0,24.0,71.0,3.0
Bråvallagatan 8,2.0,"Vasastan - Birkastan,",1963.0,3400000.0,2020-02-17,130769.0,31.0,26.0,1.0
Upplandsgatan 79 A,2.0,"Vasastan - Odenplan,",2106.0,6100000.0,2020-02-17,105172.0,15.0,58.0,2.0
Odengatan 48A,3.0,"Vasastan - Sibirien,",1783.0,4000000.0,2020-02-17,114286.0,18.0,35.0,1.0
Furusundsgatan 15,1.0,"Gärdet,",1425.0,2650000.0,2020-02-17,110417.0,15.0,24.0,1.0
Dianavägen 22,2.0,"Hjorthagen,",3369.0,3650000.0,2020-02-17,81111.0,14.0,45.0,2.0
Madängsgatan 22,4.0,"Norra Djurgårdsstaden,",4998.0,7400000.0,2020-02-17,88095.0,19.0,84.0,4.0
Odengatan 71,4.0,"Vasastan,",3609.0,6400000.0,2020-02-17,91429.0,2.0,70.0,3.0
Baltzar von Platens gata 4,2.0,"Kungsholmen Norr Mälarstrand,",2183.0,4750000.0,2020-02-17,110465.0,19.0,43.0,2.0
Falugatan 17,2.0,"Vasastan,",1984.0,3400000.0,2020-02-17,103030.0,19.0,33.0,1.0
Drottningholmsvägen 72,2.0,"Kungsholmen,",1974.0,3450000.0,2020-02-17,90789.0,15.0,38.0,2.0
Erstagatan 13,1.0,"Södermalm- Sofia,",2130.0,4150000.0,2020-02-17,98810.0,22.0,42.0,2.0
Heimdalsgatan 7,4.0,"Vasastan,",2572.0,9350000.0,2020-02-17,112651.0,21.0,83.0,3.0
Rutger Fuchsgatan 4,5.0,"Sofia,",1211.0,2800000.0,2020-02-16,121739.0,22.0,23.0,1.0
Ulriksborgsgatan 9,5.0,"Lindhagen,",3912.0,6275000.0,2020-02-16,88380.0,14.0,71.0,3.0
Sturegatan 40,3.0,"Östermalm,",3634.0,9550000.0,2020-02-16,134507.0,6.0,71.0,3.0
Fatburs Kvarngata 11,7.0,"Maria,",5724.0,8305000.0,2020-02-15,81422.0,7.0,102.0,5.0
Kungsholmsgatan 15,2.0,"Kungsholmen,",2747.0,5200000.0,2020-02-15,86667.0,5.0,60.0,2.0
Bondegatan 46,3.0,"Katarina,",1268.0,2670000.0,2020-02-14,127143.0,27.0,21.0,1.0
Rörstrandsgatan 56 A,4.0,"Vasastan - Birkastan,",3572.0,6650000.0,2020-02-14,105556.0,15.0,63.0,3.0
Engelbrektsgatan 12,1.0,"Östermalm,",3902.0,11600000.0,2020-02-14,107407.0,7.0,108.0,4.0
Bråvallagatan 12 A,1.0,"Vasastan - Birkastan,",2319.0,7300000.0,2020-02-14,108955.0,22.0,67.0,2.0
Markvardsgatan 6A,1.0,"Vasastan,",1698.0,3800000.0,2020-02-14,108571.0,23.0,35.0,1.0
Skeppargatan 75,1.0,"Nedre Gärdet / Östermalm,",1254.0,2980000.0,2020-02-14,124167.0,30.0,24.0,1.0
Robert Almströmsgatan 8,5.0,"Birkastan,",1070.0,2750000.0,2020-02-14,130952.0,34.0,21.0,1.0
Dannemoragatan 8 b,3.0,"Vasastan,",2890.0,5610000.0,2020-03-18,93500.0,12.0,60.0,2.0
Torsgatan 68,4.0,"Vasastan - Röda Bergen,",3599.0,7450000.0,2020-03-18,90854.0,8.0,82.0,3.0
Kungsklippan 12,7.0,"Kungsholmen/Kungsholmstorg,",2778.0,3370000.0,2020-03-18,99118.0,17.0,34.0,1.0
Gjörwellsgatan 15,6.0,"Kungsholmen Marieberg,",3686.0,4260000.0,2020-03-18,74737.0,7.0,57.0,3.0
Skeppargatan 79,2.0,"Nedre Gärdet / Östermalm,",1546.0,2870000.0,2020-03-18,98966.0,6.0,29.0,1.0
Sigtunagatan 11,3.0,"Vasastan,",5711.0,10925000.0,2020-03-18,107108.0,12.0,102.0,4.0
Torsplan 8,9.0,"Vasastan Hagastaden,",3593.0,6250000.0,2020-03-18,109649.0,4.0,57.0,2.0
Smedsbacksgatan 20,5.0,"Gärdet,",2939.0,3325000.0,2020-03-18,85256.0,7.0,39.0,2.0
Sofiagatan 1,4.0,"Katarina/Sofia Nytorget,",1496.0,3300000.0,2020-03-18,100000.0,14.0,33.0,1.0
Grindsgatan 31,4.0,"Katarina/Sofia,",1276.0,2310000.0,2020-03-18,110000.0,16.0,21.0,1.0
Drakenbergsgatan 8,3.0,"Södermalm,",3533.0,5500000.0,2020-03-18,64706.0,12.0,85.0,3.0
Banérgatan 79,4.0,"Gärdet / Östermalm,",2138.0,4820000.0,2020-03-18,86071.0,7.0,56.0,2.0
Torsgatan 70,4.0,"Vasastan Rödabergen,",1922.0,3090000.0,2020-03-18,99677.0,12.0,31.0,1.0
Karlbergsvägen 84A,4.0,"Vasastan,",3549.0,5760000.0,2020-03-18,90000.0,11.0,64.0,2.0
Rörstrandsgatan 18,5.0,"Vasastan,",4341.0,15100000.0,2020-03-18,109420.0,9.0,138.0,4.0
Markvardsgatan 6,2.0,"Vasastan,",1660.0,3610000.0,2020-03-18,106176.0,21.0,34.0,1.0
Drottningholmsvägen 31,4.0,"Kungsholmen,",2723.0,4310000.0,2020-03-18,75614.0,8.0,57.0,2.0
Nina Einhorns Gata 6,6.0,"Hagastaden,",2296.0,3475000.0,2020-03-18,102206.0,2.0,34.0,2.0
Torsgatan 68,3.0,"Vasastan - Röda Bergen,",1160.0,2750000.0,2020-03-18,105769.0,10.0,26.0,1.0
Surbrunnsgatan 13,2.0,"Östermalm / Vasastan,",4015.0,9110000.0,2020-03-18,102360.0,11.0,89.0,4.0
Hagagatan 8,3.0,"Vasastan,",2561.0,5950000.0,2020-03-18,106250.0,13.0,56.0,2.0
Ekehjelmstorget 8,2.0,"Södermalm- Mariaberget,",2083.0,5000000.0,2020-03-18,84746.0,11.0,59.0,2.0
Rörstrandsgatan 15,5.0,"Vasastan,",5333.0,9650000.0,2020-03-18,96500.0,4.0,100.0,3.0
Gyllenborgsgatan 18,4.0,"Kungsholmen,",1524.0,2800000.0,2020-03-18,100000.0,12.0,28.0,1.0
Beckbrännarbacken 7,3.0,"Sofia,",1142.0,2980000.0,2020-02-13,114615.0,15.0,26.0,1.0
Folkungagatan 69,2.0,"Katarina,",2995.0,8000000.0,2020-02-13,78431.0,20.0,102.0,4.0
Renstiernas Gata 45,3.0,"Sofia,",4738.0,7200000.0,2020-02-13,100000.0,20.0,72.0,3.0
Döbelnsgatan 77 A,3.0,"Vasastan,",1015.0,8900000.0,2020-02-13,107229.0,8.0,83.0,3.0
Döbelnsgatan 63,2.0,"Vasastan - City/Norrmalm,",2914.0,6650000.0,2020-02-13,116667.0,17.0,57.0,2.0
Wallingatan 11,2.0,"Vasastan - City/Norrmalm,",3876.0,8750000.0,2020-02-13,115132.0,17.0,76.0,3.0
Sankt Eriksplan 13,4.0,"Vasastan / Sankt Eriksplan,",2983.0,7500000.0,2020-02-13,113636.0,25.0,66.0,3.0
Karlbergsvägen 76,5.0,"Vasastan Birkastan,",2537.0,5900000.0,2020-02-13,75641.0,3.0,78.0,3.0
Katarina Bangata 65,5.0,"Södermalm,",1578.0,2800000.0,2020-02-13,100000.0,14.0,28.0,1.0
Renstiernas gata 30,1.0,"Södermalm Sofia,",2336.0,4120000.0,2020-02-13,82400.0,12.0,50.0,2.0
Sveavägen 111,3.0,"Vasastan,",3799.0,10700000.0,2020-02-13,89167.0,19.0,120.0,4.0
Blecktornsstigen 8,2.0,"Södermalm,",2107.0,3330000.0,2020-02-13,97941.0,24.0,34.0,1.0
Olof Dalins väg 16,5.0,"Kungsholmen - Kristinebergs Strand,",6668.0,8400000.0,2020-02-13,83168.0,1.0,101.0,3.0
Styrmansgatan 17A,1.0,"Östermalm,",1308.0,5900000.0,2020-02-13,118000.0,19.0,50.0,2.0
Franzéngatan 40,3.0,"Kungsholmen - Hornsbergs Strand,",4069.0,6450000.0,2020-02-13,75000.0,3.0,86.0,4.0
Krukmakargatan 10,2.0,"Maria,",3070.0,6070000.0,2020-02-12,87971.0,28.0,69.0,2.0
Völundsgatan 7,4.0,"Vasastan - Atlas,",1878.0,4470000.0,2020-02-12,106429.0,21.0,42.0,2.0
Rålambsvägen 69,3.0,"Kungsholmen - Fredhäll,",2453.0,3450000.0,2020-02-12,88462.0,11.0,39.0,2.0
Sandelsgatan 10,3.0,"Nedre Gärdet / Östermalm,",2747.0,4750000.0,2020-02-12,81897.0,1.0,58.0,2.0
Karlbergsvägen 9 A,3.0,"Vasastan - invid Odenplan,",1627.0,3900000.0,2020-02-12,121875.0,22.0,32.0,2.0
Karlsviksgatan 7,4.0,"Kungsholmen,",2700.0,4650000.0,2020-02-12,93000.0,16.0,50.0,2.0
Badstrandsvägen 27,2.0,"Kungsholmen - Stora Essingen,",2468.0,3050000.0,2020-02-12,72619.0,23.0,42.0,2.0
Kronobergsgatan 16,3.0,"Kungsholmen,",1685.0,3200000.0,2020-02-12,91429.0,11.0,35.0,1.0
Kungsholms Strand 165,5.0,"Kungsholmen,",3760.0,6740000.0,2020-02-12,80238.0,12.0,84.0,3.0
Taxgatan 2,3.0,"Norra Djurgårdsstaden,",4677.0,7325000.0,2020-02-12,82303.0,9.0,89.0,3.0
Nina Einhorns Gata 6,5.0,"Hagastaden,",4875.0,7500000.0,2020-02-12,85227.0,4.0,88.0,4.0
Runiusgatan 5,2.0,"Kungsholmen - Fredhäll,",3856.0,5160000.0,2020-02-12,62927.0,10.0,82.0,3.0
John Ericssonsgatan 15,2.0,"Kungsholmen - invid Norr Mälarstrand,",3883.0,7200000.0,2020-02-12,85714.0,4.0,84.0,3.0
Kungsklippan 11,5.0,"Kungsholmen,",1740.0,2850000.0,2020-02-12,118750.0,43.0,24.0,1.0
Observatoriegatan 12 A,3.0,"Vasastan - Odenplan,",2373.0,5850000.0,2020-02-12,108333.0,13.0,54.0,2.0
Kungsbro Strand 19,5.0,"Kungsholmen,",4698.0,6450000.0,2020-02-12,100781.0,17.0,64.0,3.0
Pontonjärgatan 18,1.0,"Kungsholmen,",2335.0,3725000.0,2020-02-12,98026.0,8.0,38.0,2.0
Pipersgatan  20,5.0,"Kungsholmen,",1745.0,2100000.0,2020-02-12,123529.0,6.0,17.0,1.0
Dannemoragatan 8A,0.0,"Vasastan,",3531.0,5900000.0,2020-02-12,78667.0,2.0,75.0,3.0
Sibyllegatan 20,3.0,"Östermalm,",2163.0,5000000.0,2020-02-12,111111.0,25.0,45.0,2.0
Alströmergatan 32 A,4.0,"Kungsholmen/Fridhemsplan,",1960.0,4000000.0,2020-02-11,100000.0,15.0,40.0,2.0
Vikingagatan 7,3.0,"Vasastan - Birkastan,",3252.0,5950000.0,2020-02-11,92969.0,8.0,64.0,2.0
Vanadisvägen 25,2.0,"Vasastan,",4693.0,11550000.0,2020-02-11,111058.0,28.0,104.0,4.0
Kungsholmsgatan 11,3.0,"Kungsholmen,",6718.0,8300000.0,2020-02-11,87368.0,2.0,95.0,5.0
Vikingagatan 21,1.0,"Vasastan - Birkastan,",2169.0,4985000.0,2020-02-11,99700.0,16.0,50.0,2.0
Ulriksborgsgatan 16,13.0,"Kungsholmen,",2257.0,3925000.0,2020-02-11,80102.0,9.0,49.0,2.0
Dalagatan 21,4.0,"Vasastan/Odenplan,",1371.0,4800000.0,2020-02-11,133333.0,38.0,36.0,2.0
Engelbrektsgatan 12A,2.0,"Östermalm,",1960.0,6280000.0,2020-02-11,116296.0,19.0,54.0,2.0
Pipersgatan 6,3.0,"Kungsholmen,",1558.0,6700000.0,2020-02-11,115517.0,22.0,58.0,2.0
Tjurbergsgatan 34,4.0,"Södermalm,",4342.0,7100000.0,2020-02-11,89873.0,14.0,79.0,3.0
Roslagsgatan 40D,1.0,"Vasastan,",1411.0,4600000.0,2020-02-11,112195.0,18.0,41.0,2.0
Primusgatan 74,2.0,"Lilla Essingen,",3981.0,4725000.0,2020-02-11,72692.0,5.0,65.0,2.0
Fatburs Brunnsgata 27,5.0,"Maria,",7238.0,7725000.0,2020-02-10,65466.0,3.0,118.0,5.0
Luntmakargatan 95,1.0,"Vasastan,",1541.0,4300000.0,2020-02-10,100000.0,13.0,43.0,2.0
Sandelsgatan 28,1.0,"Nedre Gärdet / Östermalm,",2750.0,7900000.0,2020-02-10,94048.0,5.0,84.0,3.0
John Ericssonsgatan 5,1.0,"Kungsholmen,",2628.0,5350000.0,2020-02-10,89167.0,10.0,60.0,2.0
Harry Martinsons gata 9,7.0,"Kungsholmen, Hornsbergs Strand,",4378.0,7900000.0,2020-02-10,76699.0,5.0,103.0,4.0
Södra Agnegatan 20,3.0,"Kungsholmen,",1793.0,7700000.0,2020-02-09,105479.0,14.0,73.0,3.0
Gävlegatan 26,14.0,"Vasastan,",2300.0,8300000.0,2020-02-09,180435.0,2.0,46.0,2.0
Norrtullsgatan 24,15.0,"Vasastan,",6611.0,16650000.0,2020-02-08,80825.0,1.0,206.0,5.0
Odengatan 87 A,33.0,"Vasastan,",2035.0,5400000.0,2020-02-08,108000.0,15.0,50.0,2.0
Strålgatan 33,33.0,"Lilla Essingen \ Kungsholmen,",2427.0,3000000.0,2020-02-08,75000.0,11.0,40.0,2.0
Karlsviksgatan 14,5.0,"Kungsholmen,",1838.0,8400000.0,2020-02-08,118310.0,15.0,71.0,3.0
Engelbrektsgatan 16,3.0,"Östermalm,",2500.0,5200000.0,2020-02-08,110638.0,16.0,47.0,2.0
Tulegatan 42,2.0,"Vasastan,",2607.0,5000000.0,2020-02-08,87719.0,3.0,57.0,3.0
Färgargårdstorget 96,3.0,"Södermalm Sofia,",3018.0,5925000.0,2020-02-07,85870.0,19.0,69.0,3.0
Studentbacken 34,6.0,"Östermalm / Gärdet,",3357.0,3910000.0,2020-02-07,78200.0,15.0,50.0,2.0
Birger Jarlsgatan 120 B,3.0,"Östermalm / Vasastan,",1586.0,4700000.0,2020-02-07,75806.0,8.0,62.0,2.0
Pontonjärgatan 32,5.0,"Kungsholmen/Norr Mälarstrand,",2530.0,6080000.0,2020-02-07,98065.0,16.0,62.0,2.0
Sandhamnsgatan 75 C,5.0,"Östermalm / Gärdet,",2904.0,4300000.0,2020-02-07,97727.0,13.0,44.0,2.0
Swedenborgsgatan 4A,3.0,,950.0,3100000.0,2020-02-07,124000.0,24.0,25.0,1.0
Brantingsgatan 25,34.0,"Östermalm / Nedre Gärdet,",2664.0,3800000.0,2020-02-07,97436.0,17.0,39.0,2.0
Celsiusgatan 7,3.0,"Kungsholmen Rådhuset,",1751.0,3950000.0,2020-02-07,87778.0,18.0,45.0,2.0
Frejgatan 47,5.0,"Vasastan,",2075.0,9500000.0,2020-02-07,111765.0,27.0,85.0,3.0
Atlasmuren 4,3.0,"Vasastan,",1468.0,3375000.0,2020-02-07,102273.0,17.0,33.0,2.0
Banérgatan 44,4.0,"Östermalm,",946.0,3300000.0,2020-02-07,132000.0,20.0,25.0,1.0
Roslagsgatan 41,3.0,"Vasastan,",3524.0,6100000.0,2020-02-07,88406.0,6.0,69.0,2.0
Folkungagatan 142,2.0,"Södermalm-Sofia,",919.0,2660000.0,2020-02-07,102308.0,8.0,26.0,1.0
Folkungagatan 74,2.0,"Södermalm SoFo,",4200.0,7650000.0,2020-02-07,88953.0,13.0,86.0,3.0
Gävlegatan 13,4.0,"Vasastan,",2337.0,4225000.0,2020-02-07,91848.0,16.0,46.0,2.0
Västgötagatan 19,4.0,"Katarina,",2379.0,5000000.0,2020-02-07,100000.0,19.0,50.0,2.0
Bergsundsgatan 16,4.0,"Södermalm - Hornstull,",1901.0,3235000.0,2020-02-07,104355.0,16.0,31.0,1.0
Gävlegatan 3,3.0,"Vasastan,",1705.0,4020000.0,2020-02-07,85532.0,2.0,47.0,2.0
Hornsgatan 158A,4.0,"Hornstull / Södermalm,",1769.0,3850000.0,2020-02-07,104054.0,21.0,37.0,2.0
Bondegatan 64A,4.0,"Södermalm,",1917.0,4545000.0,2020-02-07,98804.0,25.0,46.0,2.0
Grevgatan 49,4.0,"Östermalm,",1815.0,3700000.0,2020-02-06,112121.0,10.0,33.0,1.0
Sibyllegatan 54,5.0,"Östermalm,",2240.0,5650000.0,2020-02-06,102727.0,13.0,55.0,2.0
Geijersvägen 10,34.0,"Kungsholmen/Thorildsplan,",2193.0,2770000.0,2020-02-06,74865.0,8.0,37.0,1.0
Smedsbacksgatan 6,4.0,"Östermalm / Gärdet,",3321.0,4020000.0,2020-02-06,83750.0,6.0,48.0,2.0
Sankt Eriksgatan 83,2.0,"Vasastan,",4417.0,9500000.0,2020-02-06,87963.0,15.0,108.0,4.0
Heimdalsgatan 3,3.0,"Vasastan,",3869.0,10825000.0,2020-02-06,123011.0,17.0,88.0,4.0
Riddargatan 49A,2.0,"Östermalm,",1825.0,8000000.0,2020-02-06,115942.0,10.0,69.0,3.0
Olof Dalins väg 16,4.0,"Kungsholmen,",5057.0,5545000.0,2020-02-06,80362.0,11.0,69.0,3.0
Valhallavägen 22b,4.0,"Östermalm,",2456.0,5000000.0,2020-02-06,106383.0,26.0,47.0,2.0
Vulcanusgatan 10,2.0,"Vasastan/Atlas,",2023.0,4400000.0,2020-02-06,112821.0,26.0,39.0,2.0
Furusundsgatan 7,1.0,"Gärdet / Östermalm,",2146.0,2925000.0,2020-02-06,100862.0,17.0,29.0,1.0
Hälsingegatan 19,2.0,"Vasastan,",2254.0,6055000.0,2020-02-06,100917.0,18.0,60.0,2.0
Katarina Bangata 55,4.0,"Södermalm,",2128.0,3130000.0,2020-02-06,94848.0,21.0,33.0,1.0
Valhallavägen 146 B,2.0,"Östermalm - Gärdet,",3604.0,9500000.0,2020-02-06,101064.0,2.0,94.0,4.0
Industrigatan 7a,3.0,"Kungsholmen,",3642.0,3720000.0,2020-02-06,80870.0,16.0,46.0,2.0
Kungsholms Strand 135 B,4.0,"Kungsholmen,",2202.0,4950000.0,2020-02-06,93396.0,4.0,53.0,2.0
Sven Rinmans Gata 3,1.0,"Kungsholmen,",1907.0,3760000.0,2020-02-06,101622.0,12.0,37.0,2.0
Fridhemsgatan 62,3.0,"Kungsholmen,",2019.0,4500000.0,2020-02-06,90000.0,13.0,50.0,2.0
Wivalliusgatan 13,3.0,"Kungsholmen,",3236.0,4500000.0,2020-02-06,78947.0,13.0,57.0,2.0
Danderydsgatan 30A,2.0,"Östermalm,",1767.0,4700000.0,2020-02-06,114634.0,25.0,41.0,2.0
Heleneborgsgatan 20,5.0,"Högalid Södermalm,",3854.0,8260000.0,2020-02-06,125152.0,28.0,66.0,2.0
Heimdalsgatan 1,1.0,"Vasastan,",3527.0,7225000.0,2020-02-06,98973.0,11.0,73.0,3.0
Maria Prästgårdsgata 12,4.0,"Mariatorget,",2915.0,9075000.0,2020-02-06,97581.0,7.0,93.0,3.0
Sveavägen 122,3.0,"Vasastan - City/Norrmalm,",1102.0,2740000.0,2020-02-05,119130.0,25.0,23.0,1.0
Nybrogatan 76 B,4.0,"Östermalm,",2696.0,8100000.0,2020-02-05,108000.0,11.0,75.0,2.0
Valhallavägen 53,3.0,"Östermalm/ Vasastan,",1663.0,3030000.0,2020-02-05,108214.0,19.0,28.0,1.0
Rörstrandsgatan 22A,4.0,"Vasastan - Birkastan,",2496.0,6400000.0,2020-02-05,108475.0,16.0,59.0,2.0
Harry Martinsons Gata 11,9.0,"Kungsholmen,",4285.0,8150000.0,2020-02-05,81500.0,5.0,100.0,4.0
Östgötagatan 48A,3.0,"Södermalm,",1492.0,3640000.0,2020-02-05,95789.0,22.0,38.0,2.0
Vindragarvägen 4,5.0,"Södermalm / Reimersholme,",1407.0,2350000.0,2020-02-05,106818.0,18.0,22.0,1.0
Erik Dahlbergsgatan 24,4.0,"Gärdet / Östermalm,",2234.0,4775000.0,2020-02-05,111047.0,37.0,43.0,2.0
Valhallavägen 42,4.0,"Östermalm,",2812.0,6100000.0,2020-02-05,98387.0,23.0,62.0,2.0
Lundagatan 48A,3.0,"Högalid,",2374.0,4600000.0,2020-02-05,97872.0,21.0,47.0,2.0
Garvargatan 22,1.0,"Kungsholmen,",1859.0,3710000.0,2020-02-05,82444.0,24.0,45.0,2.0
Ernst Ahlgrens Väg 7,3.0,"Kungsholmen/ Fredhäll,",2329.0,3830000.0,2020-02-05,89070.0,16.0,43.0,2.0
Strindbergsgatan 44,1.0,"Östermalm/ Nedre Gärdet,",2134.0,3625000.0,2020-02-05,92949.0,7.0,39.0,2.0
Fleminggatan 81,5.0,"Kungsholmen,",4423.0,9750000.0,2020-02-05,92857.0,4.0,105.0,4.0
Lindhagensgatan 65,15.0,"Kungsholmen,",2459.0,3400000.0,2020-02-05,79070.0,14.0,43.0,2.0
Wargentinsgatan 5E,3.0,"Kungsholmen,",1750.0,2850000.0,2020-02-05,95000.0,4.0,30.0,1.0
Sankt Göransgatan 146,4.0,"Kungsholmen,",2218.0,3000000.0,2020-02-05,90909.0,13.0,33.0,1.0
Torsgatan 61,3.0,"Sankt Eriksplan,",1740.0,3590000.0,2020-02-05,99722.0,16.0,36.0,1.0
Fatburs Brunnsgata 11,2.0,"Södermalm,",5205.0,5550000.0,2020-02-05,64535.0,5.0,86.0,3.0
Kronobergsgatan 41,4.0,"Kungsholmen,",3182.0,6750000.0,2020-02-05,95070.0,15.0,71.0,3.0
Drottningholmsvägen 31,6.0,"Kungsholmen/Fridhemsplan,",2795.0,4500000.0,2020-02-04,76271.0,13.0,59.0,2.0
Surbrunnsgatan 56,3.0,"Vasastan,",2558.0,7060000.0,2020-02-04,99437.0,19.0,71.0,3.0
Riddargatan 29B,3.0,"Östermalm,",3316.0,8650000.0,2020-02-04,102976.0,4.0,84.0,3.0
Jakob Westinsgatan 7,5.0,"Kungsholmen Norr Mälarstrand,",3179.0,7550000.0,2020-02-04,104861.0,19.0,72.0,3.0
Tulegatan 49,6.0,"Vasastan,",2648.0,7375000.0,2020-02-04,108456.0,23.0,68.0,3.0
Kammakargatan 14,2.0,"Norrmalm,",1458.0,4270000.0,2020-02-04,115405.0,34.0,37.0,2.0
Sandhamnsgatan 57C,2.0,"Gärdet,",1788.0,3100000.0,2020-02-04,93939.0,11.0,33.0,1.0
Skeppargatan 71,1.0,"Nedre Gärdet / Östermalm,",4041.0,7000000.0,2020-02-04,82353.0,8.0,85.0,3.0
Atlasgatan 12,2.0,"Vasastan,",1279.0,3300000.0,2020-02-04,113793.0,23.0,29.0,1.0
Karlsviksgatan 12,5.0,"Kungsholmen,",1340.0,3220000.0,2020-02-04,100625.0,19.0,32.0,1.0
Folkskolegatan 4,4.0,"Södermalm / Hornstull,",1887.0,3670000.0,2020-02-04,104857.0,23.0,35.0,2.0
Karlsviksgatan 14,2.0,,1159.0,4000000.0,2020-02-04,102564.0,14.0,39.0,2.0
Sankt Eriksgatan 1,1.0,"Kungsholmen,",2266.0,4030000.0,2020-02-04,87609.0,15.0,46.0,2.0
Storgatan 29,1.0,"Östermalm,",1975.0,16000000.0,2020-02-04,109589.0,11.0,146.0,6.0
Primusgatan 86,2.0,"Lilla Essingen,",2848.0,3500000.0,2020-02-04,74468.0,6.0,47.0,2.0
Melodislingan 7,4.0,"Östermalm / Nedre Gärdet,",5749.0,9600000.0,2020-02-03,112941.0,7.0,85.0,3.0
Brantingsgatan 42,3.0,"Gärdet / Östermalm,",3219.0,6000000.0,2020-02-03,103448.0,33.0,58.0,2.0
Reimersholmsgatan 59,3.0,"Södermalm/Reimersholme,",4471.0,5350000.0,2020-02-03,76429.0,13.0,70.0,2.0
Furusundsgatan 11,7.0,"Gärdet / Östermalm,",2094.0,3750000.0,2020-02-03,110294.0,25.0,34.0,2.0
Gästrikegatan 8,3.0,"Vasastan,",4966.0,9200000.0,2020-02-03,108235.0,12.0,85.0,3.0
Fridhemsgatan 15,7.0,"Kungsholmen,",2753.0,5300000.0,2020-02-02,96364.0,22.0,55.0,2.0
Kristinehovsgatan 5A,55.0,"Högalid,",4318.0,5800000.0,2020-02-02,87879.0,16.0,66.0,2.0
Rörstrandsgatan 16A,3.0,"Vasastan Birkastan,",5310.0,13800000.0,2020-02-01,97183.0,15.0,142.0,5.0
Lundagatan 48A,0.0,"Södermalm- Högalid,",1182.0,2400000.0,2020-02-01,120000.0,20.0,20.0,1.0
Lars Forssells Gata 33,6.0,"Kungsholmen - Hornsbergs Strand,",2137.0,4025000.0,2020-01-31,89444.0,7.0,45.0,2.0
Torsplan 8,9.0,"Hagastaden,",3866.0,5950000.0,2020-01-31,94444.0,3.0,63.0,2.0
Pontonjärgatan 4,4.0,"Kungsholmen,",3329.0,4300000.0,2020-01-31,89583.0,8.0,48.0,2.0
Tomtebogatan 32,3.0,"Stockholm,",3990.0,7600000.0,2020-01-31,91566.0,10.0,83.0,3.0
Observatoriegatan 9,2.0,"Vasastan,",2920.0,5650000.0,2020-01-31,95763.0,3.0,59.0,2.0
Dalagatan 76 A,3.0,"Vasastan,",3081.0,6350000.0,2020-01-31,109483.0,12.0,58.0,2.0
Alströmergatan 32K,2.0,"Kungsholmen,",1895.0,3405000.0,2020-01-31,87308.0,14.0,39.0,1.0
Johannesgatan 10,1.0,"Vasastan - Norrmalm,",1867.0,4000000.0,2020-01-31,108108.0,25.0,37.0,2.0
Grubbens Gata 3,2.0,"Kungsholmen,",3263.0,6350000.0,2020-01-31,93382.0,12.0,68.0,2.0
Rindögatan 14,2.0,"Gärdet,",1715.0,2920000.0,2020-01-31,116800.0,18.0,25.0,1.0
Ängskärsgatan 4,6.0,"Nedre Gärdet,",3493.0,7000000.0,2020-01-31,98592.0,17.0,71.0,3.0
Norrtullsgatan 41,56.0,"Vasastan,",4310.0,10400000.0,2020-01-31,111828.0,7.0,93.0,4.0
Atlasgatan 1,4.0,"Vasastan - Atlas,",2955.0,5550000.0,2020-01-30,88095.0,11.0,63.0,2.0
Kronobergsgatan 20,4.0,"Kungsholmen,",1077.0,3010000.0,2020-01-30,188125.0,35.0,16.0,1.0
Lindhagensgatan 67,15.0,"Kungsholmen - Thorildsplan,",2459.0,3305000.0,2020-01-30,76860.0,10.0,43.0,2.0
Bergsgatan 37,2.0,"Kungsholmen,",1647.0,6325000.0,2020-01-30,84333.0,9.0,75.0,3.0
Wallingatan 16,2.0,"Vasastan - City/Norrmalm,",2830.0,5270000.0,2020-01-30,112128.0,17.0,47.0,2.0
Essinge Brogata 15,4.0,"Lilla Essingen,",1947.0,3250000.0,2020-01-30,83333.0,25.0,39.0,2.0
Strålgatan 8,3.0,"Lilla Essingen,",1812.0,2550000.0,2020-01-30,98077.0,28.0,26.0,1.0
Valhallavägen 174,2.0,"Östermalm,",1914.0,3748000.0,2020-01-30,93700.0,7.0,40.0,1.0
Gävlegatan 7,4.0,"Vasastan Rödabergen,",1705.0,4000000.0,2020-01-30,95238.0,14.0,42.0,2.0
Bondegatan 64,15.0,"Södermalm Sofia,",3583.0,8350000.0,2020-01-30,94886.0,29.0,88.0,4.0
Timmermansgatan 39,3.0,"Södermalm,",4255.0,10250000.0,2020-01-30,100490.0,8.0,102.0,4.0
Sågargatan 17,3.0,"Södermalm - Sofia,",1673.0,2650000.0,2020-01-30,120455.0,21.0,22.0,1.0
Rörstrandsgatan 12 A,2.0,"Vasastan/Birkastan,",1325.0,3940000.0,2020-01-30,115882.0,16.0,34.0,1.0
Valhallavägen 155,5.0,"Östermalm/Nedre Gärdet,",3821.0,12650000.0,2020-01-30,125248.0,17.0,101.0,4.0
Rörstrandsgatan 23,3.0,"Vasastan - Birkastan,",1405.0,2895000.0,2020-01-29,107222.0,16.0,27.0,1.0
Sankt Paulsgatan 18,4.0,"Maria,",1778.0,4650000.0,2020-01-29,105682.0,18.0,44.0,2.0
Nina Einhorns gata 3,3.0,"Hagastaden Vasastan,",4562.0,7650000.0,2020-01-29,85000.0,1.0,90.0,4.0
Atterbomsvägen 30,3.0,"Kungsholmen,",2727.0,4100000.0,2020-01-29,80392.0,17.0,51.0,2.0
Artemisgatan 16,3.0,"Hjorthagen,",3243.0,3800000.0,2020-01-29,66667.0,12.0,57.0,2.0
Flintbacken 6,12.0,"Södermalm Högalid,",1359.0,2860000.0,2020-01-29,95333.0,16.0,30.0,1.0
Rålambsvägen 16A,3.0,"Kungsholmen,",3574.0,4175000.0,2020-01-29,67339.0,13.0,62.0,2.0
Industrigatan 5,3.0,"Kungsholmen,",1139.0,3150000.0,2020-01-29,90000.0,15.0,35.0,2.0
Ölandsgatan 47,3.0,"Södermalm Katarina,",3089.0,4700000.0,2020-01-29,82456.0,12.0,57.0,2.0
Upplandsgatan 66,3.0,"Vasastan,",2425.0,5875000.0,2020-01-29,103070.0,15.0,57.0,2.0
Sandelsgatan 35,6.0,"Östermalm - Gärdet,",2198.0,4075000.0,2020-01-29,99390.0,9.0,41.0,2.0
Swedenborgsgatan 10,2.0,"Södermalm / Mariatorget,",3013.0,10000000.0,2020-01-29,100000.0,11.0,100.0,3.0
Maria Prästgårdsgata 1B,4.0,"Stockholm,",2751.0,5430000.0,2020-01-29,90500.0,13.0,60.0,2.0
Fatburs Kvarngata 11,1.0,,3425.0,3400000.0,2020-01-29,62963.0,14.0,54.0,1.0
Valhallavägen 49,2.0,"Östermalm,",1010.0,2560000.0,2020-01-29,121905.0,28.0,21.0,1.0
Frejgatan 48,4.0,"Odenplan, Vasastan,",1893.0,3515000.0,2020-01-29,106515.0,14.0,33.0,1.0
Sibyllegatan 55,4.0,"Östermalm,",3658.0,10600000.0,2020-01-29,107071.0,1.0,99.0,3.0
Högalidsgatan 31,3.0,"Södermalm - Högalid,",1737.0,2760000.0,2020-01-29,110400.0,20.0,25.0,1.0
Ivan Oljelunds gränd 4,3.0,"Kungsholmen,",5950.0,7500000.0,2020-01-29,90361.0,15.0,83.0,3.0
Frejgatan 46B,2.0,"Vasastan - Odenplan,",2226.0,4800000.0,2020-03-17,109091.0,20.0,44.0,2.0
Frejgatan 42,2.0,"Vasastan - Odenplan,",2444.0,6075000.0,2020-03-17,97984.0,7.0,62.0,2.0
Rörstrandsgatan 36A,3.0,"Vasastan - Birkastan,",3329.0,6850000.0,2020-03-17,105385.0,15.0,65.0,2.0
Rörstrandsgatan 48,4.0,"Vasastan - Birkastan,",4284.0,7600000.0,2020-03-17,100000.0,1.0,76.0,3.0
Östgötagatan 85,1.0,"Södermalm - SOFO,",2763.0,5625000.0,2020-03-17,86538.0,9.0,65.0,2.0
Brantingsgatan 17,4.0,"Gärdet,",2537.0,5050000.0,2020-03-17,109783.0,31.0,46.0,3.0
Wargentinsgatan 5B,3.0,"Kungsholmen,",2257.0,4050000.0,2020-03-17,101250.0,17.0,40.0,2.0
Linnégatan 8,4.0,"Östermalm,",2278.0,11600000.0,2020-03-17,109434.0,8.0,106.0,4.0
Hälsingegatan 6,2.0,"Vasastan - Odenplan,",1509.0,6050000.0,2020-03-16,106140.0,13.0,57.0,2.0
Runebergsgatan 9,4.0,"Östermalm,",3088.0,8150000.0,2020-03-16,116429.0,19.0,70.0,3.0
Södra Agnegatan 20,2.0,"Kungsholmen - Kungsholmstorg,",1775.0,7625000.0,2020-03-16,105903.0,6.0,72.0,3.0
Grevgatan 53,2.0,"Östermalm,",570.0,4250000.0,2020-03-16,125000.0,18.0,34.0,2.0
Robert Almströmsgatan 5,5.0,"Vasastan,",2957.0,6070000.0,2020-03-16,86714.0,10.0,70.0,2.0
Folkskolegatan 20,3.0,"Högalid,",2265.0,2625000.0,2020-03-15,100962.0,16.0,26.0,1.0
Fagningsgatan 5,5.0,"Norra Djurgårdsstaden,",4687.0,6500000.0,2020-03-15,82278.0,2.0,79.0,3.0
Lars Forssells gata 22,6.0,"Kungsholmen - Hornsbergs Strand,",4216.0,9810000.0,2020-03-15,85304.0,9.0,115.0,5.0
Vintertullstorget 28,5.0,"Katarina/Sofia,",4918.0,7800000.0,2020-03-14,92857.0,24.0,84.0,3.0
Sankt Paulsgatan 28 C,2.0,"Södermalm,",1839.0,3130000.0,2020-03-14,97813.0,32.0,32.0,1.0
Rehnsgatan 21A,4.0,"Vasastan,",1377.0,4570000.0,2020-01-28,95208.0,20.0,48.0,2.0
Drottninghusgränd 2,12.0,"City / Norrmalm / Vasastan,",1552.0,4000000.0,2020-01-28,117647.0,34.0,34.0,2.0
Rindögatan 25,5.0,"Gärdet,",1025.0,2900000.0,2020-01-28,120833.0,20.0,24.0,1.0
Rörstrandsgatan 38,3.0,"Vasastan - Birkastan,",1333.0,4650000.0,2020-01-28,108140.0,17.0,43.0,2.0
Skeppargatan 20 B,3.0,"Östermalm,",3844.0,11200000.0,2020-01-28,107692.0,3.0,104.0,3.0
Döbelnsgatan 77A,3.0,"Vasastan - Sibirien,",411.0,3900000.0,2020-01-28,118182.0,30.0,33.0,2.0
Tomtebogatan 46,2.0,"Vasastan/Birkastan,",2437.0,4500000.0,2020-01-28,97826.0,7.0,46.0,2.0
Skeppargatan 60,4.0,"Östermalm,",2444.0,8100000.0,2020-01-28,120896.0,1.0,67.0,3.0
Bråvallagatan 3,5.0,"Vasastan,",3005.0,4170000.0,2020-01-28,99286.0,11.0,42.0,1.0
Kungsklippan 11,1.0,"Kungsholmen,",1706.0,2650000.0,2020-01-28,110417.0,33.0,24.0,1.0
Hornsbergs Strand 43,5.0,"Kungsholmen - Hornsbergs Strand,",3970.0,7800000.0,2020-01-28,93976.0,12.0,83.0,3.0
Ringvägen 79,4.0,"Katarina,",1814.0,3950000.0,2020-01-27,87778.0,13.0,45.0,2.0
Hornstulls Strand 1,3.0,"Södermalm / Hornstull,",1529.0,3210000.0,2020-01-27,118889.0,15.0,27.0,1.0
Ringvägen 12,1.0,"Stockholm,",3649.0,8150000.0,2020-01-27,87634.0,3.0,93.0,3.0
Vanadisvägen 24,2.0,"Vasastan,",545.0,3900000.0,2020-01-27,100000.0,7.0,39.0,2.0
Bjurholmsplan 19,2.0,"Katarina,",2511.0,4400000.0,2020-01-27,107317.0,26.0,41.0,2.0
Surbrunnsgatan 46,2.0,"Vasastan,",565.0,4450000.0,2020-01-27,101136.0,9.0,44.0,2.0
Sankt Eriksgatan 43 A,4.0,"Kungsholmen Fridhemsplan,",3407.0,10250000.0,2020-01-26,94037.0,11.0,109.0,4.0
Vegagatan 18,3.0,"Vasastan,",1623.0,3030000.0,2020-01-26,108214.0,13.0,28.0,1.0
Sankt Eriksgatan 55,2.0,"Kungsholmen,",1486.0,3225000.0,2020-01-26,100781.0,17.0,32.0,1.0
Grev Turegatan 54,2.0,"Östermalm,",2962.0,7250000.0,2020-01-26,118852.0,1.0,61.0,2.0
Ola Hanssonsgatan 4,5.0,"Kungsholmen,",3233.0,4000000.0,2020-01-26,80000.0,1.0,50.0,2.0
Ludvigsbergsgatan 19,6.0,"Södermalm Mariatorget,",2883.0,8800000.0,2020-01-25,108642.0,17.0,81.0,3.0
Erik Dahlbergsgatan 52,4.0,"Gärdet,",1830.0,3800000.0,2020-01-25,102703.0,27.0,37.0,2.0
Motalavägen 15,23.0,"Hjorthagen,",2661.0,2800000.0,2020-01-25,70000.0,4.0,40.0,3.0
Bergsgatan 51,6.0,"Kungsholmen,",2226.0,4900000.0,2020-01-25,89091.0,14.0,55.0,3.0
Ringvägen 9F,1.0,"Södermalm,",2447.0,6650000.0,2020-01-25,89865.0,21.0,74.0,3.0
Fridhemsgatan 12A,2.0,"Kungsholmen,",2318.0,4700000.0,2020-01-24,90385.0,7.0,52.0,2.0
Creutzgatan 13,2.0,,2275.0,4000000.0,2020-01-24,81633.0,15.0,49.0,2.0
Bondegatan 46,3.0,"Södermalm,",1701.0,2950000.0,2020-01-24,95161.0,4.0,31.0,1.0
Lindhagensgatan 59,12.0,"Kungsholmen,",3637.0,5250000.0,2020-01-24,67308.0,2.0,78.0,3.0
Narvavägen 14A,33.0,"Östermalm,",1583.0,4450000.0,2020-01-24,114103.0,5.0,39.0,1.0
Ringvägen 37,3.0,"Södermalm/Högalid,",3673.0,5925000.0,2020-01-24,71386.0,19.0,83.0,3.0
Fleminggatan 85,4.0,"Kungsholmen,",4479.0,13800000.0,2020-01-24,87898.0,17.0,157.0,5.0
Sveavägen 134,4.0,"Vasastan,",3256.0,6200000.0,2020-01-24,93939.0,13.0,66.0,3.0
Wennerbergsgatan 2,6.0,"Kungsholmen - Marieberg,",2571.0,3050000.0,2020-01-24,69318.0,22.0,44.0,2.0
Ringvägen 104,1.0,"Katarina,",1622.0,4350000.0,2020-01-23,80556.0,9.0,54.0,2.0
Folkungagatan 53,2.0,"Katarina,",2073.0,3575000.0,2020-01-23,79444.0,7.0,45.0,2.0
Swedenborgsgatan 24,3.0,"Södermalm Maria Magdalena,",3691.0,5100000.0,2020-01-23,73913.0,14.0,69.0,2.0
Torsgatan 42D,3.0,"Vasastan,",3051.0,6200000.0,2020-01-23,108772.0,24.0,57.0,2.0
Hornsgatan 123,2.0,"Södermalm,",2824.0,4605000.0,2020-01-23,73095.0,15.0,63.0,2.0
Taxgatan 2,3.0,"Norra Djurgårdsstaden,",3197.0,4600000.0,2020-01-23,92000.0,10.0,50.0,2.0
Fredhällsgatan 9,34.0,"Kungsholmen/Fredhäll,",1336.0,3300000.0,2020-01-23,110000.0,27.0,30.0,2.0
Birger Jarlsgatan 81,4.0,"Vasastan,",1972.0,5550000.0,2020-01-23,120652.0,17.0,46.0,2.0
Ringvägen 153,4.0,"Katarina/Sofia,",1805.0,2940000.0,2020-01-23,89091.0,18.0,33.0,1.0
Fleminggatan 73,5.0,"Kungsholmen,",4394.0,6420000.0,2020-01-23,83377.0,7.0,77.0,3.0
Kungsbro strand 17,2.0,"Kungsholmen,",3097.0,3850000.0,2020-01-23,98718.0,7.0,39.0,2.0
Ynglingagatan 19,4.0,"Vasastan,",3214.0,5750000.0,2020-01-23,85821.0,6.0,67.0,2.0
Gotlandsgatan 71,3.0,"Katarina/Sofia,",1863.0,3200000.0,2020-01-23,94118.0,21.0,34.0,1.0
Högviltsgatan 1,3.0,"Norra Djurgårdsstaden,",3460.0,4650000.0,2020-01-23,76230.0,3.0,61.0,2.0
Östermalmsgatan 82,3.0,"Östermalm,",4760.0,11800000.0,2020-01-23,119192.0,19.0,99.0,4.0
Marmorgatan 11,1.0,"Södermalm,",2221.0,2500000.0,2020-01-23,89286.0,9.0,28.0,1.0
Luxgatan 37,9.0,"Lilla Essingen,",2883.0,3700000.0,2020-01-23,82222.0,3.0,45.0,2.0
Scheelegatan 26,3.0,"Kungsholmen,",3190.0,11100000.0,2020-01-23,100000.0,12.0,111.0,4.0
Torsgatan 42 B,6.0,"Vasastan,",3416.0,8850000.0,2020-01-23,118000.0,12.0,75.0,3.0
Bergsgatan 51,4.0,"Kungsholmen,",2037.0,4650000.0,2020-01-22,93000.0,8.0,50.0,2.0
Ringvägen 43B,55.0,"Södermalm Högalid,",2506.0,4120000.0,2020-01-22,76296.0,12.0,54.0,2.0
Chapmansgatan 4,1.0,"Kungsholmen,",1234.0,3200000.0,2020-01-22,110345.0,16.0,29.0,1.0
Ynglingagatan 19,1.0,"Vasastan,",1643.0,3130000.0,2020-01-22,94848.0,8.0,33.0,1.0
Tobaksspinnargatan 10,4.0,"Hornstull - Södermalm,",1490.0,2900000.0,2020-01-22,107407.0,21.0,27.0,1.0
Torsgatan 42 A,4.0,"Vasastan,",2134.0,4300000.0,2020-01-22,104878.0,13.0,41.0,2.0
Hälsingegatan 10A,4.0,,3323.0,6300000.0,2020-01-22,94030.0,5.0,67.0,2.0
Tomtebogatan 5,2.0,"Vasastan/Birkastan,",1612.0,9500000.0,2020-01-22,96939.0,9.0,98.0,3.0
Storängsgatan 5,2.0,"Norra Djurgårdsstaden,",4998.0,6525000.0,2020-01-22,77679.0,9.0,84.0,4.0
Furusundsgatan 11,6.0,"Stockholm Gärdet,",2094.0,3700000.0,2020-01-22,108824.0,24.0,34.0,2.0
Karlbergsvägen 76,4.0,"Stockholm,",3382.0,8875000.0,2020-01-22,81422.0,4.0,109.0,5.0
Västmannagatan 70,3.0,"Vasastan,",1607.0,4720000.0,2020-01-22,112381.0,19.0,42.0,2.0
Erik Dahlbergsgatan 35,55.0,"Nedre Gärdet,",1873.0,3520000.0,2020-01-22,113548.0,18.0,31.0,1.0
Jungfrugatan 41b,3.0,"Östermalm,",2753.0,11650000.0,2020-01-22,120103.0,7.0,97.0,4.0
Gotlandsgatan 37,3.0,"SoFo,",2301.0,3140000.0,2020-01-22,80513.0,14.0,39.0,1.0
Södermannagatan 76,2.0,"Sofia,",2033.0,3660000.0,2020-01-22,89268.0,22.0,41.0,2.0
Vikingagatan 39,4.0,"Vasastan,",4900.0,9630000.0,2020-01-22,101368.0,15.0,95.0,4.0
Grev Turegatan 59 C,3.0,"Östermalm,",4417.0,12200000.0,2020-01-22,123232.0,12.0,99.0,3.0
Ringvägen 138/Södermannagatan 62,3.0,"Sofia,",4181.0,5260000.0,2020-01-22,69211.0,5.0,76.0,3.0
Roslagsgatan 25,2.0,"Vasastan,",4930.0,10450000.0,2020-01-22,88559.0,6.0,118.0,4.0
Norrtullsgatan 25B,1.0,"Vasastan,",3305.0,8010000.0,2020-01-22,104026.0,15.0,77.0,3.0
Heleneborgsgatan 36A,55.0,"Södermalm,",1704.0,2650000.0,2020-01-22,120455.0,15.0,22.0,1.0
Rörstrandsgatan 42A,1.0,"Birkastan - Vasastan,",2224.0,5560000.0,2020-01-22,97544.0,11.0,57.0,2.0
Krukmakargatan 33A,2.0,"Södermalm,",2624.0,5950000.0,2020-01-22,77273.0,12.0,77.0,3.0
Hallandsgatan 34,2.0,"Södermalm Katarina,",2754.0,5750000.0,2020-01-22,88462.0,20.0,65.0,2.0
Villagatan 24,1.0,"Villastaden - Östermalm,",3673.0,13600000.0,2020-01-22,104615.0,5.0,130.0,4.0
Upplandsgatan 39,2.0,"Vasastan,",1969.0,5000000.0,2020-01-22,125000.0,30.0,40.0,2.0
Marmorgatan 11,13.0,"Södermalm - Högalid,",2221.0,2550000.0,2020-01-22,91071.0,2.0,28.0,1.0
Valhallavägen 153,5.0,"Nedre Gärdet/Östermalm,",3143.0,8425000.0,2020-01-22,95739.0,6.0,88.0,3.0
Lignagatan 5,7.0,"Södermalm,",2906.0,4600000.0,2020-01-22,73016.0,15.0,63.0,2.0
Fatburstrappan 18,15.0,"Södermalm,",3976.0,6250000.0,2020-01-22,111607.0,30.0,56.0,2.0
Gästrikegatan 7,2.0,"Vasastan,",4166.0,9525000.0,2020-01-22,112059.0,12.0,85.0,3.0
Birger Jarlsgatan 104D,4.0,"Östermalm,",2279.0,3150000.0,2020-01-22,105000.0,9.0,30.0,1.0
Ludvigsbergsgatan 7,3.0,"Södermalm,",2840.0,7270000.0,2020-01-21,89753.0,7.0,81.0,3.0
Gävlegatan 26,9.0,"Hagastaden - Vasastan,",1700.0,3730000.0,2020-01-21,109706.0,10.0,34.0,2.0
Brantingsgatan 25,3.0,"Gärdet / Östermalm,",3457.0,5400000.0,2020-01-21,103846.0,20.0,52.0,2.0
Karlbergsvägen 32 B,1.0,"Vasastan - Odenplan,",1408.0,3960000.0,2020-01-21,113143.0,24.0,35.0,1.0
Sigtunagatan 19,4.0,"Vasastan - Birkastan,",2050.0,5260000.0,2020-01-21,107347.0,22.0,49.0,2.0
Völundsgatan 11,5.0,"Vasastan - Atlas,",2993.0,6160000.0,2020-01-21,110000.0,14.0,56.0,2.0
Stagneliusvägen 42,4.0,"Kungsholmen - Fredhäll,",2253.0,3310000.0,2020-01-21,82750.0,14.0,40.0,1.0
Tomtebogatan 50,2.0,"Vasastan - Birkastan,",2317.0,5950000.0,2020-01-21,106250.0,15.0,56.0,2.0
Ehrensvärdsgatan 6,4.0,"Kungsholmen - Nedre Kungsholmen,",1358.0,3175000.0,2020-01-21,109483.0,22.0,29.0,1.0
Birkagatan 32,2.0,"Vasastan - Birkastan,",985.0,5450000.0,2020-01-21,113542.0,25.0,48.0,2.0
Västmannagatan 77,1.0,"Vasastan,",2870.0,7220000.0,2020-01-21,106176.0,22.0,68.0,3.0
Rådmansgatan 79,2.0,"Vasastan - Tegnérlunden,",1560.0,5780000.0,2020-01-21,107037.0,16.0,54.0,2.0
John Ericssonsgatan 11B,4.0,"Nedre Kungsholmen,",2566.0,4250000.0,2020-01-21,101190.0,29.0,42.0,2.0
Vegagatan 18,6.0,"Vasastan,",4365.0,7925000.0,2020-01-21,92151.0,6.0,86.0,3.0
Östgötagatan 89,4.0,"Södermalm,",1891.0,3700000.0,2020-01-21,90244.0,14.0,41.0,2.0
Maria Bangata 17,6.0,"Södermalm,",4133.0,6720000.0,2020-01-21,74667.0,5.0,90.0,4.0
Rörstrandsgatan 12 A,4.0,"Vasastan,",3008.0,10850000.0,2020-01-21,126163.0,21.0,86.0,4.0
Bohusgatan 37,5.0,"Södermalm - Sofia,",2842.0,5885000.0,2020-01-21,78467.0,18.0,75.0,3.0
Polhemsgatan 27,4.0,"Kungsholmen,",4276.0,10200000.0,2020-01-21,84298.0,8.0,121.0,4.0
Västmannagatan 52,1.0,"Vasastan,",5751.0,8100000.0,2020-01-21,75000.0,8.0,108.0,4.0
Love Almqvists väg 10,3.0,"Kungsholmen/Kristineberg,",4195.0,6100000.0,2020-01-20,75309.0,7.0,81.0,3.0
Rödabergsgatan 7,1.0,"Vasastan - Röda Bergen,",2107.0,3805000.0,2020-01-20,100132.0,15.0,38.0,2.0
Dalagatan 86G,3.0,"Vasastan,",1912.0,3525000.0,2020-01-20,103676.0,22.0,34.0,1.0
Västmannagatan 12 B,3.0,"Vasastan/ Norrmalm,",2070.0,5800000.0,2020-01-19,111538.0,16.0,52.0,2.0
Hälsingegatan 3A,3.0,"Vasastan,",1834.0,6250000.0,2020-01-19,115741.0,16.0,54.0,2.0
Åsögatan 104,5.0,"Södermalm Katarina,",6335.0,10000000.0,2020-01-18,81301.0,11.0,123.0,4.0
Valhallavägen 172,4.0,"Östermalm,",1750.0,4530000.0,2020-01-18,96383.0,13.0,47.0,2.0
Tegnérgatan 57A,2.0,"Vasastan - City/Norrmalm,",1458.0,2975000.0,2020-01-18,119000.0,19.0,25.0,1.0
Smedsbacksgatan 7,1.0,"Gärdet,",2191.0,3075000.0,2020-01-18,85417.0,3.0,36.0,2.0
Torsgatan 52,4.0,"Vasastan,",2368.0,6070000.0,2020-01-18,112407.0,25.0,54.0,2.0
Industrigatan 7a,5.0,"Kungsholmen,",3642.0,3410000.0,2020-01-18,74130.0,7.0,46.0,2.0
Gävlegatan 3,5.0,"Vasastan,",1705.0,4180000.0,2020-01-18,88936.0,2.0,47.0,2.0
Observatoriegatan 13,3.0,"Vasastan,",2613.0,6575000.0,2020-01-18,104365.0,20.0,63.0,2.0
Vulcanusgatan 10,4.0,"Vasastan - Atlas,",2023.0,4200000.0,2020-01-17,107692.0,27.0,39.0,2.0
Danderydsgatan 28 B,3.0,"Östermalm,",2403.0,6350000.0,2020-01-17,100794.0,7.0,63.0,2.0
Sågargatan 17,3.0,"Södermalm - Sofia,",2661.0,3200000.0,2020-01-17,91429.0,19.0,35.0,1.0
Gävlegatan 26,6.0,"Vasastan / Hagastaden,",3250.0,5690000.0,2020-01-17,87538.0,6.0,65.0,2.0
Valhallavägen 172,6.0,"Östermalm,",1665.0,4700000.0,2020-01-17,100000.0,18.0,47.0,2.0
Gjutargatan 12,55.0,"Kungsholmen,",2496.0,3950000.0,2020-01-17,85870.0,8.0,46.0,2.0
Hagagatan 18,4.0,"Vasastan,",4585.0,8850000.0,2020-01-17,88500.0,2.0,100.0,3.0
Sveavägen 138,7.0,"Vasastan,",6159.0,12200000.0,2020-01-17,102521.0,3.0,119.0,5.0
Lützengatan 6,12.0,"Östermalm,",1847.0,5175000.0,2020-01-17,112500.0,13.0,46.0,2.0
Sven Rinmans Gata 3,3.0,"Kungsholmen,",5083.0,9100000.0,2020-01-17,94792.0,10.0,96.0,4.0
Rindögatan 12,4.0,"Gärdet,",2397.0,3425000.0,2020-01-17,95139.0,14.0,36.0,2.0
Melodislingan 34,6.0,"Östermalm / Nedre Gärdet,",7640.0,19800000.0,2020-01-16,162295.0,1.0,122.0,4.0
Ringvägen 62,2.0,"Södermalm - Katarina,",2225.0,3180000.0,2020-01-16,79500.0,10.0,40.0,1.0
Maria Bangata 17,2.0,"Södermalm,",2943.0,4300000.0,2020-01-16,75439.0,8.0,57.0,2.0
Robert Almströmsgatan 6,2.0,"Vasastan - Birkastan,",1350.0,2750000.0,2020-01-16,125000.0,25.0,22.0,1.0
Bjurholmsplan 23,212.0,"Katarina,",3238.0,4150000.0,2020-01-16,92222.0,19.0,45.0,2.0
Fyrverkarbacken 25,1515.0,"Kungsholmen/Marieberg,",2251.0,2800000.0,2020-01-16,65116.0,8.0,43.0,1.0
Götgatan 102,2.0,"Katarina/Sofia,",2277.0,4500000.0,2020-01-16,88235.0,19.0,51.0,2.0
Brantingsgatan 25,3.0,"Östermalm Gärdet,",1821.0,3025000.0,2020-01-16,112037.0,32.0,27.0,1.0
Drottningholmsvägen 3,4.0,"Kungsholmen/Fridhemsplan,",1139.0,4300000.0,2020-01-16,110256.0,23.0,39.0,2.0
Nina Einhorns gata 4,10.0,"Hagastaden,",3299.0,5000000.0,2020-01-16,90909.0,9.0,55.0,2.0
Fredhällsgatan 11,4.0,"Kungsholmen - Fredhäll,",2193.0,3200000.0,2020-01-16,88889.0,16.0,36.0,1.0
Rådmansgatan 46,2.0,"Vasastan,",3600.0,5410000.0,2020-01-16,78406.0,8.0,69.0,3.0
Södra Agnegatan 22,4.0,"Kungsholmen,",4209.0,11150000.0,2020-01-16,101364.0,22.0,110.0,4.0
Valhallavägen 65,6.0,"Östermalm,",4446.0,7000000.0,2020-01-15,104478.0,11.0,67.0,3.0
Robert Almströmsgatan 12,2.0,"Vasastan - Birkastan,",1905.0,4650000.0,2020-01-15,119231.0,19.0,39.0,2.0
Roslagsgatan 29,2.0,"Vasastan - Sibirien,",3643.0,4650000.0,2020-01-15,80172.0,6.0,58.0,2.0
Bondegatan 46,5.0,"Södermalm - Nytorget,",1268.0,2600000.0,2020-01-15,123810.0,25.0,21.0,1.0
Östermalmsgatan 49A,4.0,"Östermalm,",2081.0,5300000.0,2020-01-15,110417.0,18.0,48.0,2.0
Kommendörsgatan 26,5.0,"Östermalm,",906.0,3020000.0,2020-01-15,125833.0,1.0,24.0,1.0
Ernst Ahlgrens Väg 5,2.0,"Kungsholmen - Fredhäll,",2112.0,3225000.0,2020-01-15,84868.0,11.0,38.0,2.0
Essinge Brogata 23,2.0,"Lilla Essingen,",1812.0,2875000.0,2020-01-15,92742.0,25.0,31.0,1.0
Västmannagatan 87A,2.0,"Vasastan - Odenplan,",2738.0,7790000.0,2020-01-15,91647.0,11.0,85.0,3.0
Malmgårdsvägen 30L,4.0,"Sofia,",3438.0,4600000.0,2020-01-15,79310.0,16.0,58.0,2.0
Idungatan 7C,3.0,"Vasastan/ Norrmalm,",1863.0,5750000.0,2020-01-15,110577.0,16.0,52.0,2.0
Smedsbacksgatan 26,4.0,"Gärdet / Östermalm,",2605.0,3370000.0,2020-01-15,88684.0,16.0,38.0,2.0
Pontonjärgatan 20,3.0,"Kungsholmen,",2669.0,4275000.0,2020-01-15,95000.0,14.0,45.0,2.0
Surbrunnsgatan 16,1.0,"Vasastan/Östermalm,",3289.0,6590000.0,2020-01-15,99848.0,12.0,66.0,3.0
Rindögatan 10,4.0,"Gärdet / Östermalm,",3302.0,5900000.0,2020-01-15,89394.0,16.0,66.0,3.0
Torsgatan 49,5.0,"Vasastan,",4787.0,11710000.0,2020-01-15,103628.0,23.0,113.0,4.0
Pokalvägen 3,2.0,"Södermalm/Reimersholme,",2074.0,2955000.0,2020-01-15,79865.0,10.0,37.0,1.0
Ingemarsgatan 3B,5.0,"Vasastan,",1910.0,3625000.0,2020-01-15,103571.0,21.0,35.0,2.0
Ringvägen 162/Malmgårdsvägen,2.0,"Katarina/Sofia,",2087.0,3375000.0,2020-01-15,84375.0,17.0,40.0,1.0
Eyvind Johnsons gata 7,2.0,"Kungsholmen - Hornsbergs Strand,",4396.0,7140000.0,2020-01-15,75957.0,5.0,94.0,4.0
Atterbomsvägen 28,2.0,"Kungsholmen / Fredhäll,",3333.0,5000000.0,2020-01-15,86207.0,11.0,58.0,2.0
Heleneborgsgatan 25B 4,5.0,"Södermalm- Högalid,",1912.0,2890000.0,2020-01-15,103214.0,16.0,28.0,1.0
Celsiusgatan 4,3.0,"Kungsholmen / Fridhemsplan,",2438.0,4000000.0,2020-01-15,90909.0,15.0,44.0,2.0
Runiusgatan 7,3.0,"Kungsholmen,",1814.0,2870000.0,2020-01-15,75526.0,11.0,38.0,2.0
Inedalsgatan 9 A,12.0,"Kungsholmen,",2696.0,6500000.0,2020-01-15,81250.0,17.0,80.0,3.0
Hornsgatan 70,1.0,"Södermalm,",1755.0,3160000.0,2020-01-15,105333.0,22.0,30.0,1.0
Erik Dahlbergsgatan 29B,3.0,"Östermalm / Nedre Gärdet,",2504.0,4450000.0,2020-01-14,94681.0,6.0,47.0,2.0
Kungsholms Strand 181,3.0,"Kungsholms strand,",4015.0,6700000.0,2020-01-14,91781.0,3.0,73.0,2.0
Tegnérgatan 10,1.0,"Vasastan/Norrmalm,",1820.0,4350000.0,2020-01-14,106098.0,24.0,41.0,2.0
Klevgränd 2,33.0,"Södermalm Katarina,",2417.0,8220000.0,2020-01-14,106753.0,22.0,77.0,3.0
Karlbergsvägen 68,2.0,"Vasastan - Birkastan,",1648.0,4020000.0,2020-01-14,111667.0,24.0,36.0,2.0
Högbergsgatan 50,5.0,"Södermalm,",1612.0,4550000.0,2020-01-14,101111.0,30.0,45.0,2.0
Allhelgonagatan 7,3.0,"Södermalm - Katarina,",2175.0,4000000.0,2020-01-14,75472.0,14.0,53.0,2.0
Sankt Eriksgatan 19,2.0,"Kungsholmen,",1996.0,8905000.0,2020-01-14,100056.0,14.0,89.0,3.0
Arbetargatan 27A,3.0,"Kungsholmen Fridhemsplan,",3370.0,5200000.0,2020-01-14,77612.0,9.0,67.0,3.0
Karlbergsvägen 80B,3.0,"Vasastan,",2826.0,6230000.0,2020-01-14,102131.0,25.0,61.0,2.0
Hagagatan 8,4.0,"Vasastan,",2561.0,5890000.0,2020-01-14,105179.0,8.0,56.0,2.0
Alströmergatan 35,5.0,"Kungsholmen,",2021.0,3100000.0,2020-01-14,96875.0,4.0,32.0,1.0
Starrängsringen 25,2.0,"Nedre Gärdet / Östermalm,",6259.0,13400000.0,2020-01-14,103077.0,22.0,130.0,5.0
Wittstocksgatan 12,1.0,"Östermalm,",2714.0,5630000.0,2020-01-13,106226.0,25.0,53.0,2.0
Medevigatan 8,4.0,"Vasastan / Vasaparken,",2416.0,4000000.0,2020-01-12,117647.0,25.0,34.0,2.0
Pär Lagerkvists gata 6,6.0,"Kungsholmen/Hornsbergs Strand,",3156.0,4450000.0,2020-01-12,69531.0,1.0,64.0,3.0
Tulegatan 46,2.0,"Vasastan - Sibirien,",2904.0,4650000.0,2020-01-11,75000.0,3.0,62.0,2.0
Ölandsgatan 44,4.0,"Katarina,",1442.0,2700000.0,2020-01-10,108000.0,18.0,25.0,1.0
Bondegatan 13,2.0,"Södermalm - Nytorget,",2019.0,3300000.0,2020-01-10,106452.0,14.0,31.0,2.0
Nina Einhorns gata 6,1.0,"Vasastan - Hagastaden,",2583.0,3550000.0,2020-01-10,88750.0,19.0,40.0,2.0
Furusundsgatan 13,4.0,"Gärdet / Östermalm,",1508.0,3475000.0,2020-01-10,91447.0,20.0,38.0,2.0
Essinge brogata 20,4.0,"Lilla Essingen \ Kungsholmen,",2666.0,3200000.0,2020-01-10,68085.0,14.0,47.0,2.0
Roslagsgatan 42A,1.0,"Vasastan,",2993.0,5200000.0,2020-01-10,92857.0,17.0,56.0,2.0
Roslagsgatan 42B,4.0,"Vasastan,",4245.0,7650000.0,2020-01-10,95625.0,9.0,80.0,3.0
Fridhemsgatan 53,1.0,"Kungsholmen,",1365.0,3040000.0,2020-01-10,121600.0,9.0,25.0,1.0
Dalagatan 8,5.0,"Vasastan,",2661.0,5100000.0,2020-01-10,100000.0,23.0,51.0,2.0
Armfeltsgatan 5,2.0,"Nedre Gärdet / Östermalm,",3667.0,7365000.0,2020-01-10,90926.0,5.0,81.0,3.0
Strålgatan 8,3.0,"Kungsholmen / Lilla Essingen,",2439.0,3020000.0,2020-01-10,86286.0,16.0,35.0,2.0
Sankt Eriksgatan 39,2.0,"Kungsholmen,",790.0,2800000.0,2020-01-10,103704.0,12.0,27.0,1.0
Ingemarsgatan 7,3.0,"Vasastan/Sibirien,",2110.0,3720000.0,2020-03-14,106286.0,24.0,35.0,1.0
Reimersholmsgatan 8,1.0,"Södermalm Reimersholme,",4024.0,5700000.0,2020-03-13,83824.0,6.0,68.0,3.0
Hantverkargatan 46,4.0,"Kungsholmen,",2900.0,5000000.0,2020-03-13,86207.0,9.0,58.0,2.0
Levertinsgatan 3,1.0,"Kungsholmen - Kristineberg,",2395.0,2950000.0,2020-03-13,86765.0,23.0,34.0,2.0
Furusundsgatan 11,4.0,"Gärdet,",2807.0,5350000.0,2020-03-13,97273.0,19.0,55.0,2.0
Gyllenborgsgatan 9,2.0,"Kungsholmen,",1112.0,2300000.0,2020-03-13,121053.0,22.0,19.0,1.0
Kammakargatan 64B,3.0,"Vasastan - Norrmalm,",3605.0,6785000.0,2020-03-13,96929.0,5.0,70.0,3.0
Rindögatan 25,5.0,"Stockholm,",1515.0,4100000.0,2020-03-13,107895.0,26.0,38.0,2.0
Alströmergatan 32F,2.0,"Kungsholmen,",2091.0,4225000.0,2020-03-13,93889.0,14.0,45.0,2.0
Timmermansgatan 37,4.0,"Maria/Gamla Stan/Högalid,",2845.0,4400000.0,2020-03-13,86275.0,6.0,51.0,2.0
Lustgårdsgatan 4,2.0,"Kungsholmen - Hornsberg,",3341.0,4400000.0,2020-03-13,69841.0,13.0,63.0,2.0
Wennerbergsgatan 6A,3.0,"Kungsholmen,",2511.0,3050000.0,2020-03-13,67778.0,2.0,45.0,2.0
Rörstrandsgatan 9A,6.0,"Birkastan,",2150.0,9470000.0,2020-03-13,118375.0,8.0,80.0,3.0
Bondegatan 63,4.0,"Södermalm - SOFO,",3239.0,5370000.0,2020-03-13,85238.0,2.0,63.0,3.0
Sven Rinmans gata 1,4.0,"Kungsholmen,",3165.0,8530000.0,2020-03-13,95843.0,8.0,89.0,3.0
Folkungagatan 97,4.0,"Katarina,",2269.0,5100000.0,2020-03-12,98077.0,9.0,52.0,2.0
Karlbergsvägen 72 A,4.0,"Vasastan - Birkastan,",4090.0,10850000.0,2020-03-12,101402.0,9.0,107.0,4.0
Blekingegatan 18,3.0,"Katarina,",4389.0,7850000.0,2020-03-12,86264.0,1.0,91.0,4.0
Igeldammsgatan 22B,2.0,"Kungsholmen,",3379.0,4770000.0,2020-03-12,91731.0,5.0,52.0,2.0
Roslagsgatan 24,6.0,"Vasastan,",2230.0,4515000.0,2020-03-12,82091.0,10.0,55.0,2.0
Sven Rinmans gata 4,4.0,"Kungsholmen,",3673.0,7250000.0,2020-03-12,108209.0,22.0,67.0,3.0
Slipgatan 5,1.0,"Södermalm / Hornstull,",2205.0,3500000.0,2020-03-12,83333.0,17.0,42.0,2.0
Drejargatan 5,1.0,,3502.0,6710000.0,2020-01-10,100149.0,12.0,67.0,3.0
Fridhemsgatan 15,4.0,"Kungsholmen,",1773.0,3380000.0,2020-01-10,99412.0,13.0,34.0,2.0
Maria Prästgårdsgata 1C,4.0,"Södermalm - Mariatorget,",1703.0,3323000.0,2020-01-10,100697.0,17.0,33.0,1.0
Timotejgatan 4,2.0,"Södermalm,",1535.0,2500000.0,2020-01-10,100000.0,14.0,25.0,1.0
Torsplan 10,9.0,"Vasastan/Hagastaden,",3584.0,6100000.0,2020-01-09,108929.0,2.0,56.0,2.0
Tomtebogatan 16,4.0,"Vasastan - Birkastan,",1309.0,4400000.0,2020-01-09,112821.0,19.0,39.0,1.0
Sveavägen 117A,3.0,"Vasastan,",1268.0,3225000.0,2020-01-09,107500.0,15.0,30.0,1.0
Olof Palmes gata 16,4.0,"Vasastan/Norrmalm/City,",2715.0,5050000.0,2020-01-09,81452.0,3.0,62.0,2.0
Fridhemsgatan 15,5.0,"Kungsholmen,",3180.0,5400000.0,2020-01-09,83077.0,9.0,65.0,3.0
Riddargatan 21,2.0,"Nedre Östermalm,",1513.0,4760000.0,2020-01-09,119000.0,14.0,40.0,2.0
Erstagatan 30,4.0,"Södermalm Sofia,",4085.0,6550000.0,2020-01-09,86184.0,14.0,76.0,2.0
Skeppargatan 75,5.0,"Nedre Gärdet / Östermalm,",2175.0,4405000.0,2020-01-09,107439.0,26.0,41.0,2.0
Sveavägen 83,3.0,"Vasastan,",1923.0,5405000.0,2020-01-09,87177.0,20.0,62.0,2.0
Vegagatan 18,4.0,"Vasastan/Odenplan,",1623.0,3150000.0,2020-01-09,112500.0,27.0,28.0,1.0
Sysslomansgatan 24,6.0,"Kungsholmen,",1230.0,2700000.0,2020-01-09,112500.0,23.0,24.0,1.0
Karlavägen 6,4.0,"Östermalm/Vasastan,",1793.0,6050000.0,2020-01-09,106140.0,10.0,57.0,2.0
Helgalunden 5,2.0,"Södermalm,",3837.0,5025000.0,2020-01-09,88158.0,12.0,57.0,2.0
Fatburstrappan 18,21.0,"Södermalm,",3223.0,4400000.0,2020-01-09,107317.0,22.0,41.0,2.0
Frejgatan 16,3.0,"Vasastan,",1806.0,4250000.0,2020-01-09,98837.0,12.0,43.0,2.0
Samaritgränd 1,4.0,"Maria,",1201.0,2850000.0,2020-01-08,114000.0,21.0,25.0,1.0
Palmbladsvägen 2,4.0,"Kungsholmen/Fredhäll,",3335.0,4650000.0,2020-01-08,78814.0,6.0,59.0,3.0
Möregatan 10,6.0,"Södermalm - Katarina,",1926.0,4050000.0,2020-01-08,119118.0,40.0,34.0,2.0
Folkungagatan 101,5.0,"Södermalm,",1398.0,3375000.0,2020-01-08,86538.0,9.0,39.0,2.0
Torsgatan 40A,3.0,"Vasastan - Sankt Eriksplan,",2909.0,5820000.0,2020-01-08,105818.0,17.0,55.0,2.0
Rindögatan 30,1.0,"Gärdet,",1803.0,2530000.0,2020-01-08,115000.0,15.0,22.0,1.0
Alströmergatan 32O,4.0,"Kungsholmen,",1307.0,3010000.0,2020-01-08,107500.0,16.0,28.0,1.0
Bondegatan 64A Ö.g,4.0,"Södermalm Sofia,",1625.0,3975000.0,2020-01-08,101923.0,33.0,39.0,2.0
Hagagatan 14a,4.0,"Vasastan,",2295.0,5850000.0,2020-01-08,106364.0,9.0,55.0,2.0
Kungsklippan 11,3.0,"Kungsholmen / Kungsklippan,",1723.0,2575000.0,2020-01-08,107292.0,29.0,24.0,1.0
Kungsklippan 5,1.0,"Kungsholmen,",1770.0,3950000.0,2020-01-07,98750.0,7.0,40.0,2.0
Teknologgatan 9B,2.0,"Vasastan - Odenplan,",2318.0,5200000.0,2020-01-06,104000.0,4.0,50.0,2.0
Lustgårdsgatan 3,1.0,,3355.0,4500000.0,2020-01-06,71429.0,13.0,63.0,3.0
Kungsholmsgatan 54,2.0,"Kungsholmen - vid Kronobergsparken,",1910.0,3900000.0,2020-01-02,90698.0,12.0,43.0,2.0
Luxgatan 27,6.0,"Lilla Essingen,",5364.0,8800000.0,2020-01-02,87129.0,2.0,101.0,4.0
Birger Jarlsgatan 104 D,1.0,"Östermalm/ Vasastan,",2758.0,3150000.0,2020-01-01,90000.0,7.0,35.0,1.0
Kocksgatan 22 A,3.0,"Södermalm- Sofo,",1160.0,4100000.0,2019-12-21,102500.0,17.0,40.0,1.0
Starrängsringen 32,1.0,"Gärdet,",2536.0,6070000.0,2019-12-20,89265.0,10.0,68.0,3.0
Strålgatan 29,2.0,"Lilla Essingen,",3689.0,5225000.0,2019-12-20,62202.0,5.0,84.0,3.0
Artemisgatan 13,33.0,"Hjorthagen,",1831.0,2825000.0,2019-12-19,85606.0,13.0,33.0,1.0
Nina Einhorns Gata 8,7.0,"Hagastaden,",4041.0,6050000.0,2019-12-19,85211.0,7.0,71.0,3.0
Carl Akrells Gata 8,4.0,"Östermalm / Nedre Gärdet,",4526.0,8195000.0,2019-12-18,87181.0,3.0,94.0,3.0
Jaktgatan 33,2.0,"Norra Djurgårdsstaden,",1625.0,2800000.0,2019-12-18,93333.0,3.0,30.0,1.0
Furusundsgatan 12,3.0,"Östermalm Gärdet,",1761.0,3650000.0,2019-12-18,101389.0,22.0,36.0,2.0
Bondegatan 3B,4.0,"Södermalm - Nytorget,",2182.0,2750000.0,2019-12-18,101852.0,10.0,27.0,1.0
Ola Hanssonsgatan 7,1.0,"Kungsholmen Kristineberg,",1884.0,2710000.0,2019-12-18,93448.0,15.0,29.0,1.0
Erik Dahlbergsgatan 28,3.0,"Gärdet / Östermalm,",2098.0,4060000.0,2019-12-18,88261.0,19.0,46.0,2.0
Alströmergatan 32 F,2.0,"Kungsholmen,",2091.0,3890000.0,2019-12-18,86444.0,11.0,45.0,2.0
Polhemsgatan 5,4.0,"Kungsholmen,",3193.0,7900000.0,2019-12-18,103947.0,8.0,76.0,3.0
Erik Dahlbergsgatan 69,6.0,"Stockholm,",4429.0,9200000.0,2019-12-17,88462.0,5.0,104.0,4.0
Harry Martinsons Gata 12,3.0,"Kungsholmen,",3984.0,7400000.0,2019-12-17,75510.0,7.0,98.0,4.0
Norra Stationsgatan 111,3.0,"Birkastan/Vasastan,",4298.0,6600000.0,2019-12-17,69474.0,2.0,95.0,4.0
Nina Einhorns gata 10,5.0,"Hagastaden,",3230.0,4200000.0,2019-12-17,77778.0,3.0,54.0,2.0
Åsögatan 192,3.0,"Södermalm,",2329.0,4350000.0,2019-12-17,87000.0,10.0,50.0,2.0
Tideliusgatan 57,3.0,"Södermalm,",2973.0,4900000.0,2019-12-17,74242.0,1.0,66.0,3.0
Grindsgatan 52,3.0,"Södermalm,",1905.0,3500000.0,2019-12-16,87500.0,21.0,40.0,1.0
Surbrunnsgatan 11,2.0,"Östermalm/Vasastan,",1673.0,4505000.0,2019-12-16,104767.0,13.0,43.0,2.0
Franzéngatan 82,1.0,"Kungsholmen/Hornsbergs Strand,",5887.0,7162500.0,2019-12-15,66319.0,1.0,108.0,4.0
Tulegatan 46,4.0,"Vasastan,",3004.0,4525000.0,2019-12-14,72984.0,3.0,62.0,2.0
Regeringsgatan 70 D,4.0,"Östermalm / Vasastan,",3150.0,5300000.0,2019-12-13,79104.0,2.0,67.0,2.0
Sågargatan 17,3.0,"Södermalm Sofia,",1673.0,2650000.0,2019-12-13,120455.0,21.0,22.0,1.0
Karlsviksgatan 16,3.0,"Kungsholmen,",1380.0,4860000.0,2019-12-13,85263.0,22.0,57.0,2.0
Kungsholms Strand 143,5.0,"Kungsholmen,",2427.0,5350000.0,2019-12-13,93860.0,19.0,57.0,2.0
Hagagatan 20,4.0,"Vasastan,",1493.0,3370000.0,2019-12-13,108710.0,27.0,31.0,1.0
Fyrverkarbacken 27,8.0,"Kungsholmen - Marieberg,",3339.0,5050000.0,2019-12-13,76515.0,5.0,66.0,3.0
Kungstensgatan 46,4.0,"Vasastan,",1490.0,5050000.0,2019-12-13,84167.0,1.0,60.0,2.0
Döbelnsgatan 18,2.0,"Vasastan,",3780.0,5150000.0,2019-12-12,88793.0,15.0,58.0,2.0
Idungatan 5,2.0,"Vasastan,",3576.0,6050000.0,2019-12-12,87681.0,10.0,69.0,3.0
Assessorsgatan 18 C,2.0,"Södermalm,",2511.0,5600000.0,2019-12-12,82353.0,7.0,68.0,2.0
Brännkyrkagatan 81,1003.0,"Maria,",959.0,2800000.0,2019-12-11,107692.0,17.0,26.0,1.0
Valhallavägen 65,2.0,"Östermalm,",4271.0,6050000.0,2019-12-11,80667.0,5.0,75.0,3.0
Kungsholmsgatan 15,3.0,"Kungsholmen/Kungsholmstorg,",2233.0,3620000.0,2019-12-11,86190.0,8.0,42.0,2.0
Arbetargatan 22,5.0,"Kungsholmen,",1796.0,4100000.0,2019-12-11,83673.0,17.0,49.0,2.0
Nina Einhorns Gata 10,4.0,"Hagastaden - Vasastan,",2610.0,3600000.0,2019-12-11,87805.0,1.0,41.0,2.0
Grevgatan 49,3.0,"Östermalm,",2735.0,6075000.0,2019-12-11,102966.0,3.0,59.0,2.0
Karlaplan 19 A,5.0,"Östermalm,",2167.0,6200000.0,2019-12-11,95385.0,3.0,65.0,2.0
Vintertullstorget 34,3.0,"Sofia,",6020.0,8750000.0,2019-12-11,81776.0,31.0,107.0,4.0
Döbelnsgatan 57,4.0,"Vasastan,",1430.0,3420000.0,2019-12-11,114000.0,24.0,30.0,1.0
Wollmar Yxkullsgatan 12,2.0,"Södermalm,",1475.0,5060000.0,2019-12-11,105417.0,18.0,48.0,2.0
John Ericssonsgatan 11 A,3.0,"Kungsholmen,",2110.0,2950000.0,2019-12-11,92188.0,3.0,32.0,1.0
Rindögatan 25,4.0,"Gärdet,",2717.0,7200000.0,2019-12-11,96000.0,11.0,75.0,3.0
Bågljusvägen 5,2.0,"Kungsholmen,",4838.0,6000000.0,2019-12-11,73171.0,14.0,82.0,3.0
Industrigatan 16,4.0,"Kungsholmen,",1370.0,3686000.0,2019-12-11,97000.0,23.0,38.0,1.0
Åsögatan 182,4.0,"Södermalm,",1334.0,2750000.0,2019-12-11,110000.0,25.0,25.0,1.0
Hornsgatan 90,4.0,"Högalid,",565.0,2720000.0,2019-12-10,100741.0,14.0,27.0,1.0
Södra Agnegatan 26A,2.0,"Kungsholmen,",2329.0,6500000.0,2019-12-10,100000.0,18.0,65.0,2.0
Folkungagatan 74A,1.0,"Södermalm Katarina,",1968.0,4200000.0,2019-12-10,91304.0,15.0,46.0,2.0
Mitisgatan 3,2.0,,2229.0,3800000.0,2019-12-10,108571.0,27.0,35.0,2.0
Birger Jarlsgatan 99C,4.0,"Vasastan / Östermalm,",795.0,3610000.0,2019-12-10,106176.0,21.0,34.0,1.0
Norrtullsgatan 25B,6.0,"Vasastan,",3305.0,8375000.0,2019-12-10,108766.0,20.0,77.0,3.0
Tegnérgatan 18,4.0,"Vasastan/Norrmalm,",6698.0,17050000.0,2019-12-10,88342.0,1.0,193.0,6.0
Pontonjärgatan 43,5.0,"Kungsholmen,",3057.0,4875000.0,2019-12-10,81250.0,2.0,60.0,2.0
Garvargatan 20,3.0,"Kungsholmen / Kungsholmstorg,",2345.0,4500000.0,2019-12-10,104651.0,20.0,43.0,2.0
Furusundsgatan 15,6.0,"Gärdet - Östermalm,",2426.0,4050000.0,2019-12-07,106579.0,17.0,38.0,2.0
Riddargatan 20,1.0,"Östermalm,",2170.0,7350000.0,2019-12-07,93038.0,5.0,79.0,3.0
Tomtebogatan 40,5.0,"Vasastan/Birkastan,",2538.0,5450000.0,2019-12-07,93966.0,10.0,58.0,2.0
Gotlandsgatan 67,1.0,"Södermalm,",3480.0,6250000.0,2019-12-07,84459.0,12.0,74.0,3.0
Roslagsgatan 40B,2.0,"Vasastan,",2624.0,6665000.0,2019-12-07,98015.0,7.0,68.0,2.0
Dannemoragatan 18,3.0,"Vasastan,",2800.0,4700000.0,2019-12-06,83929.0,5.0,56.0,3.0
Kammakargatan 70,2.0,"Vasastan - City/Norrmalm,",979.0,3000000.0,2019-12-06,96774.0,5.0,31.0,1.0
Alströmergatan 45D,2.0,"Kungsholmen/Fridhemsplan,",4194.0,8800000.0,2019-12-06,84615.0,10.0,104.0,4.0
Baltzar von Platens gata 6,3.0,"Kungsholmen/Norr Mälarstrand,",1692.0,2950000.0,2019-12-06,98333.0,18.0,30.0,1.0
Rålambsvägen 69,4.0,"Kungsholmen - Fredhäll,",4530.0,5750000.0,2019-12-06,79861.0,5.0,72.0,3.0
Sankt Eriksgatan 16,5.0,"Kungsholmen - Norr Mälarstrand,",5299.0,9500000.0,2019-12-06,89623.0,19.0,106.0,4.0
Bondegatan 4,4.0,"Södermalm - SOFO,",4849.0,14050000.0,2019-12-06,110630.0,28.0,127.0,5.0
Fatburs Kvarngata 25,6.0,,4335.0,5350000.0,2019-12-06,73288.0,11.0,73.0,3.0
Slåttervallsgatan 13,5.0,"Norra Djurgårdsstaden,",3543.0,5790000.0,2019-12-06,78243.0,2.0,74.0,3.0
Heleneborgsgatan 30 a,2.0,"Södermalm/Hornstull,",2404.0,3820000.0,2019-12-06,93171.0,4.0,41.0,1.0
Scheelegatan 38 A,2.0,"Kungsholmen,",3739.0,9200000.0,2019-12-06,80702.0,3.0,114.0,3.0
Sankt Eriksgatan 57,4.0,"Kungsholmen,",1455.0,3300000.0,2019-12-06,106452.0,16.0,31.0,1.0
Slipgatan 14,2.0,"Södermalm- Hornstull,",1521.0,2825000.0,2019-12-06,113000.0,23.0,25.0,1.0
Gävlegatan 32,5.0,"Vasastan,",2750.0,4825000.0,2019-12-05,96500.0,3.0,50.0,2.0
Kungsholmsgatan 11,67.0,"Kungsholmen/Kungsholmstorg,",2424.0,2820000.0,2019-12-05,94000.0,20.0,30.0,1.0
Sankt Eriksgatan 110,2.0,"Vasastan,",2299.0,9725000.0,2019-12-05,93510.0,8.0,104.0,3.0
Vänskapsvägen 42,1.0,"Kungsholmen - Stora Essingen,",2499.0,3050000.0,2019-12-05,72619.0,22.0,42.0,2.0
Hornsgatan 90,4.0,"Södermalm,",565.0,2780000.0,2019-12-05,102963.0,18.0,27.0,1.0
Kammakargatan 46,3.0,"Vasastan - Tegnérlunden,",4672.0,9400000.0,2019-12-05,79661.0,11.0,118.0,4.0
Öregrundsgatan 7,4.0,"Gärdet,",2544.0,4900000.0,2019-12-05,74242.0,2.0,66.0,3.0
Baltzar von Platens Gata 7 C,3.0,"Kungsholmen - Pontonjärparken,",1018.0,4525000.0,2019-12-05,98370.0,13.0,46.0,2.0
Hälsingegatan 15,1.0,"Vasastan,",2878.0,7830000.0,2019-12-05,92118.0,4.0,85.0,2.0
Värtavägen 33,2.0,"Östermalm Gärdet,",1167.0,3180000.0,2019-12-05,113571.0,25.0,28.0,1.0
Sandhamnsgatan 53,3.0,"Gärdet,",2565.0,3700000.0,2019-12-05,74000.0,6.0,50.0,2.0
Blekingegatan 57,3.0,"Katarina/Sofia,",3109.0,5410000.0,2019-12-05,83231.0,14.0,65.0,2.0
Grevgatan 20c,2.0,"Östermalm,",2343.0,6550000.0,2019-12-05,114912.0,15.0,57.0,2.0
Völundsgatan 3,4.0,"Vasastan,",2891.0,3850000.0,2019-12-05,91667.0,3.0,42.0,2.0
Upplandsgatan 34,3.0,"Vasastan,",3710.0,8375000.0,2019-12-05,97384.0,22.0,86.0,3.0
Tulegatan 27,4.0,"Norrmalm/Vasastan,",2312.0,12500000.0,2019-12-05,130208.0,25.0,96.0,3.0
Kungsholms Strand 163,5.0,"Kungsholmen,",2882.0,3845000.0,2019-12-05,89419.0,10.0,43.0,2.0
Artillerigatan 40 A,4.0,"Östermalm,",1969.0,5700000.0,2019-12-05,126667.0,14.0,45.0,2.0
Fleminggatan 85,1.0,"Kungsholmen,",1938.0,6060000.0,2019-12-05,87826.0,3.0,69.0,2.0
Lidnersgatan 12B,2.0,"Kungsholmen - Kristineberg,",2991.0,2925000.0,2019-12-05,75000.0,5.0,39.0,2.0
Inedalsgatan 15,5.0,"Kungsholmen,",1992.0,3550000.0,2019-12-05,122414.0,4.0,29.0,1.0
Svartensgatan 12 B,3.0,"Katarina,",2230.0,5400000.0,2019-12-04,108000.0,20.0,50.0,2.0
Tulegatan 22,1.0,"Vasastan - Sibirien,",3747.0,7200000.0,2019-12-04,80000.0,1.0,90.0,3.0
Fatburs brunnsgata 27,3.0,,5068.0,6235000.0,2019-12-04,74226.0,19.0,84.0,3.0
Alströmergatan 32 P,1.0,"Kungsholmen Fridhemsplan,",2091.0,4110000.0,2019-12-04,91333.0,16.0,45.0,2.0
Heleneborgsgatan 6B,2.0,"Södermalm - Högalid,",4299.0,7750000.0,2019-12-04,104730.0,19.0,74.0,3.0
Bondegatan 33,4.0,"Södermalm SoFo,",1181.0,3070000.0,2019-12-04,87714.0,23.0,35.0,1.0
Vulcanusgatan 15,1.0,"Vasastan - Atlas,",3612.0,7900000.0,2019-12-04,90805.0,9.0,87.0,3.0
Vanadisvägen 26A,3.0,"Vasastan,",3589.0,8820000.0,2019-12-04,96923.0,7.0,91.0,4.0
Vulcanusgatan 15,12.0,"Vasastan,",3427.0,6300000.0,2019-12-04,78750.0,2.0,80.0,3.0
Hagagatan 12,2.0,"Vasastan,",3244.0,7320000.0,2019-12-04,104571.0,17.0,70.0,3.0
Roslagsgatan 21B,2.0,"Vasastan - Sibirien,",1866.0,4050000.0,2019-12-04,109459.0,23.0,37.0,2.0
Lars Forssells Gata 26,3.0,"Kungsholmen Hornsbergs Strand,",5004.0,5750000.0,2019-12-04,64607.0,5.0,89.0,3.0
Upplandsgatan 54 D,2.0,"Vasastan Odenplan,",2697.0,5450000.0,2019-12-04,89344.0,4.0,61.0,2.0
Floragatan 19,45.0,"Östermalm - Villastan,",5622.0,16300000.0,2019-12-04,133607.0,1.0,122.0,4.0
Sysslomansgatan 24,8.0,"Kungsholmen,",1230.0,2575000.0,2019-12-04,107292.0,17.0,24.0,1.0
Tavastgatan 47,3.0,"Mariatorget / Södermalm,",4121.0,13425000.0,2019-12-04,100940.0,22.0,133.0,6.0
Swedenborgsgatan 11,1.0,"Mariatorget,",2871.0,6400000.0,2019-12-03,110345.0,31.0,58.0,2.0
Essingestråket 38,1.0,"Kungsholmen - Stora Essingen,",3772.0,6400000.0,2019-12-03,94118.0,28.0,68.0,3.0
Reimersholmsgatan 63,2.0,"Södermalm Reimersholme,",5479.0,7420000.0,2019-12-03,82444.0,9.0,90.0,3.0
Smedsbacksgatan 7,2.0,"Gärdet / Östermalm,",2191.0,3160000.0,2019-12-03,87778.0,9.0,36.0,1.0
Krukmakargatan 63,2.0,"Högalid,",2975.0,4800000.0,2019-12-03,96000.0,17.0,50.0,2.0
Upplandsgatan 77A,1.0,"Vasastan,",2911.0,5800000.0,2019-12-03,101754.0,10.0,57.0,3.0
Rålambsvägen 10B,4.0,"Kungsholmen - Marieberg - Fredhäll,",3607.0,4075000.0,2019-12-03,65726.0,10.0,62.0,2.0
Rindögatan 4,5.0,"Gärdet / Östermalm,",3422.0,5530000.0,2019-12-03,95345.0,15.0,58.0,3.0
Artillerigatan 74,3.0,"Nedre Gärdet / Östermalm,",3578.0,10600000.0,2019-12-03,100000.0,20.0,106.0,4.0
Surbrunnsgatan 58,3.0,"Vasastan,",2178.0,6040000.0,2019-12-03,111852.0,23.0,54.0,2.0
Torsgatan 42 C,5.0,"Vasastan,",5391.0,14100000.0,2019-12-03,127027.0,26.0,111.0,3.0
Drottningholmsvägen 31,2.0,"Kungsholmen,",1870.0,3390000.0,2019-12-03,94167.0,13.0,36.0,2.0
Frejgatan 52,4.0,"Vasastan,",2821.0,6550000.0,2019-12-03,97761.0,19.0,67.0,3.0
Tavastgatan 5,3.0,"Södermalm / Mariaberget,",2838.0,3940000.0,2019-12-03,91628.0,10.0,43.0,2.0
Luntmakargatan 76,4.0,"Vasastan,",2722.0,8050000.0,2019-12-03,104545.0,15.0,77.0,3.0
Maria prästgårdsgata 4,3.0,,1205.0,2760000.0,2019-12-03,110400.0,15.0,25.0,1.0
Furusundsgatan 16,8.0,"Gärdet,",3878.0,11670000.0,2019-12-03,112212.0,26.0,104.0,4.0
Roslagsgatan 36,3.0,"Vasastan,",1596.0,3900000.0,2019-12-02,108333.0,20.0,36.0,1.0
Vulcanusgatan 8,4.0,"Vasastan Atlas,",896.0,2730000.0,2019-12-02,136500.0,27.0,20.0,1.0
Folkungagatan 101,6.0,"Södermalm Sofia,",1406.0,3600000.0,2019-12-02,85714.0,13.0,42.0,2.0
Mosebacke torg 14 B,2.0,"Södermalm - Mosebacke,",1881.0,4550000.0,2019-12-02,130000.0,34.0,35.0,2.0
Roslagsgatan 13A,2.0,"Vasastan,",3657.0,9400000.0,2019-12-02,94000.0,5.0,100.0,4.0
Färgargårdstorget 48,4.0,"Sofia,",3746.0,6520000.0,2019-11-30,74943.0,25.0,87.0,3.0
Rålambsvägen 10 A,1.0,"Kungsholmen/Marieberg,",5271.0,6100000.0,2019-11-30,62245.0,2.0,98.0,4.0
Bråvallagatan 10,2.0,"Vasastan - Birkastan,",1735.0,5800000.0,2019-11-29,95082.0,18.0,61.0,2.0
Essingestråket 44,5.0,"Kungsholmen - Stora Essingen,",3130.0,4850000.0,2019-11-29,82203.0,2.0,59.0,2.0
Rödabergsgatan 12,3.0,"Vasastan,",1727.0,3910000.0,2019-11-29,95366.0,12.0,41.0,2.0
Surbrunnsgatan 10,2.0,"Vasastan/Östermalm,",1586.0,5125000.0,2019-11-29,91518.0,21.0,56.0,2.0
Scheelegatan 38 B,7.0,"Kungsholmen,",3756.0,6020000.0,2019-11-29,73415.0,13.0,82.0,3.0
Upplandsgatan 36,1.0,"Vasastan / Odenplan,",3947.0,8175000.0,2019-11-29,102188.0,11.0,80.0,3.0
Gävlegatan 26,6.0,"Vasastan,",2750.0,5025000.0,2019-11-29,91364.0,9.0,55.0,2.0
Västmannagatan 44,5.0,"Vasastan,",1807.0,11500000.0,2019-11-29,100000.0,16.0,115.0,5.0
Tunnelgatan 1 A,2.0,"Vasastan - City/Norrmalm,",3560.0,6500000.0,2019-11-28,84416.0,8.0,77.0,3.0
Riddargatan 21,3.0,"Östermalm,",1146.0,3700000.0,2019-11-28,123333.0,24.0,30.0,1.0
Sankt Eriksgatan 28A,3.0,"Kungsholmen,",1493.0,5200000.0,2019-11-28,98113.0,12.0,53.0,2.0
Gästrikegatan 7,2.0,"Vasastan,",1070.0,2800000.0,2019-11-28,140000.0,22.0,20.0,1.0
Gävlegatan 9,4.0,"Vasastan - Röda Bergen,",1452.0,3575000.0,2019-11-28,94079.0,5.0,38.0,2.0
Dalagatan 86E,4.0,"Vasastan,",2236.0,3550000.0,2019-11-28,93421.0,19.0,38.0,1.0
Magnus ladulåsgatan 46,1.0,"Katarina,",2746.0,3650000.0,2019-11-28,66364.0,4.0,55.0,2.0
Nordenflychtsvägen 65,2.0,"Kungsholmen Hornsbergs Strand,",4230.0,6790000.0,2019-11-28,72234.0,8.0,94.0,4.0
Tomtebogatan 51,3.0,"Stockholm,",3218.0,6200000.0,2019-11-28,100000.0,13.0,62.0,2.0
Krukmakargatan 67,33.0,"Södermalm Högalid,",2729.0,3875000.0,2019-11-28,90116.0,6.0,43.0,2.0
Ruddammsvägen 4A,5.0,"Östermalm/ Vasastan,",2424.0,4040000.0,2019-11-28,77692.0,6.0,52.0,2.0
Hornsgatan 90,3.0,"Södermalm,",1537.0,7180000.0,2019-11-28,86506.0,3.0,83.0,3.0
Torsgatan 40A,4.0,"Vasastan - Sankt Eriksplan,",2741.0,5000000.0,2019-11-28,90909.0,14.0,55.0,2.0
Brahegatan 50,3.0,"Östermalm,",3142.0,5710000.0,2019-11-28,93607.0,9.0,61.0,3.0
Norrtullsgatan 25 C,2.0,"Vasastan,",2467.0,4850000.0,2019-11-28,85088.0,22.0,57.0,2.0
Folkskolegatan 3,3.0,"Hornstull,",1442.0,2550000.0,2019-11-27,106250.0,22.0,24.0,1.0
Folkungagatan 93,2.0,,1451.0,5200000.0,2019-11-27,89655.0,7.0,58.0,2.0
Kungsklippan 22,89.0,"Kungsholmen,",1759.0,2700000.0,2019-11-27,122727.0,23.0,22.0,1.0
Sankt Eriksgatan 14,1.0,"Kungsholmen,",1953.0,4225000.0,2020-03-12,98256.0,18.0,43.0,2.0
Wargentinsgatan 5D,1.0,"Kungsholmen Rådhuset,",2862.0,4525000.0,2020-03-12,82273.0,16.0,55.0,2.0
Atterbomsvägen 58,4.0,"Kungsholmen - Fredhäll,",1841.0,3250000.0,2020-03-12,83333.0,9.0,39.0,2.0
Västgötagatan 21,3.0,"Katarina,",2379.0,4725000.0,2020-03-12,94500.0,10.0,50.0,2.0
Götgatan 114,3.0,"Södermalm,",2799.0,4200000.0,2020-03-12,64615.0,12.0,65.0,2.0
Sandelsgatan 37,1.0,"Nedre Gärdet / Östermalm,",3729.0,6775000.0,2020-03-12,90333.0,4.0,75.0,2.0
Robert Almströmsgatan 9A,5.0,"Vasastan/Birkastan,",3179.0,6825000.0,2020-03-12,89803.0,2.0,76.0,3.0
Sandhamnsgatan 13,55.0,"Gärdet / Östermalm,",4231.0,5025000.0,2020-03-12,77308.0,20.0,65.0,3.0
Sehlstedtsgatan 3,3.0,"Gärdet,",2000.0,3550000.0,2020-03-12,91026.0,19.0,39.0,2.0
Drottningholmsvägen 9,5.0,"Kungsholmen,",1477.0,5775000.0,2020-03-12,93145.0,4.0,62.0,2.0
Ölandsgatan 44,2.0,"Södermalm,",2283.0,3970000.0,2020-03-12,90227.0,20.0,44.0,2.0
Katarina Bangata 65,5.0,"Södermalm - Katarina,",2949.0,5550000.0,2020-03-12,97368.0,39.0,57.0,2.0
Stickelbärsvägen 10,3.0,"Östermalm / Vasastan,",2497.0,3535000.0,2020-03-11,76848.0,18.0,46.0,2.0
Frejgatan 18,4.0,"Vasastan - Sibirien,",2368.0,4840000.0,2020-03-11,94902.0,10.0,51.0,2.0
Marmorgatan 11,12.0,"Högalid,",4031.0,3780000.0,2020-03-11,74118.0,26.0,51.0,2.0
Gotlandsgatan 64,6.0,"Katarina,",2956.0,6240000.0,2020-03-11,113455.0,14.0,55.0,2.0
Långholmsgatan 18,4.0,"Hornstull,",2038.0,4400000.0,2020-03-11,102326.0,28.0,43.0,2.0
Heimdalsgatan 1,1.0,"Vasastan - Odenplan,",3705.0,8100000.0,2019-11-27,103846.0,13.0,78.0,3.0
Bastugatan 25,2.0,"Södermalm Maria,",1099.0,3510000.0,2019-11-27,113226.0,19.0,31.0,2.0
Hornsgatan 154,3.0,"Södermalm,",2462.0,4700000.0,2019-11-27,90385.0,18.0,52.0,2.0
Vikingagatan 14B,3.0,"Vasastan - Birkastan,",1643.0,5920000.0,2019-11-27,100339.0,14.0,59.0,2.0
Karlbergsvägen 30,2.0,"Vasastan - Odenplan,",1573.0,4370000.0,2019-11-27,101628.0,18.0,43.0,2.0
Ringvägen 151 A,2.0,"Södermalm,",3900.0,8760000.0,2019-11-27,93191.0,10.0,94.0,4.0
Skeppargatan 98,3.0,"Gärdet / Östermalm,",2874.0,4850000.0,2019-11-27,88182.0,8.0,55.0,3.0
Blekingegatan 42,2.0,"Katarina,",4301.0,9550000.0,2019-11-27,92718.0,15.0,103.0,5.0
Drottninggatan 114 A,2.0,"Vasastan,",2880.0,6450000.0,2019-11-27,97727.0,8.0,66.0,2.0
Drejargatan 6,6.0,"Vasastan,",2275.0,5160000.0,2019-11-27,122857.0,15.0,42.0,2.0
Cardellgatan 3,2.0,"Östermalm - vid Humlegården,",3521.0,7930000.0,2019-11-27,110139.0,2.0,72.0,3.0
Ringvägen 41A,5.0,"Södermalm,",3155.0,4600000.0,2019-11-27,67647.0,16.0,68.0,2.0
John Ericssonsgatan 3,3.0,"Kungsholmen,",2056.0,3700000.0,2019-11-27,102778.0,14.0,36.0,2.0
Kungsklippan 20,7.0,"Kungsholmen,",2518.0,3290000.0,2019-11-27,102813.0,14.0,32.0,2.0
Essinge Brogata 20,1.0,"Lilla Essingen,",2269.0,3025000.0,2019-11-27,75625.0,14.0,40.0,2.0
Linnégatan 20,2.0,"Östermalm,",5113.0,11750000.0,2019-11-27,117500.0,18.0,100.0,4.0
Klippgatan 21,5.0,"Södermalm \ Sofia,",1216.0,2310000.0,2020-03-11,144375.0,30.0,16.0,1.0
Idungatan 9,2.0,"Vasastan Odenplan,",2098.0,8530000.0,2020-03-11,100353.0,13.0,85.0,3.0
Idungatan 3,3.0,"Vasastan,",2385.0,3920000.0,2020-03-11,85217.0,12.0,46.0,1.0
Vikingagatan 22 A,2.0,"Birkastan/Vasastan,",2728.0,9050000.0,2020-03-11,109036.0,17.0,83.0,3.0
Fleminggatan 56,4.0,"Fridhemsplan,",1731.0,4320000.0,2020-03-11,86400.0,15.0,50.0,2.0
Götgatan 97,1.0,"Södermalm Katarina,",164.0,5200000.0,2020-03-11,98113.0,16.0,53.0,2.0
Bellmansgatan 19,3.0,"Södermalm Maria Magdalena,",3744.0,9500000.0,2020-03-11,114458.0,19.0,83.0,3.0
Ola hanssonsgatan 6,4.0,"Kungsholmen,",3216.0,3750000.0,2020-03-11,75000.0,10.0,50.0,2.0
Gävlegatan 7,2.0,"Vasastan - Röda Bergen,",1452.0,3430000.0,2020-03-11,90263.0,7.0,38.0,1.0
Rörstrandsgatan 15,2.0,"Vasastan - Birkastan,",2159.0,4550000.0,2020-03-11,113750.0,15.0,40.0,2.0
Rådmansgatan 59,3.0,"Vasastan - Norrmalm,",2521.0,6200000.0,2020-03-11,105085.0,5.0,59.0,2.0
Lindhagensgatan 145,5.0,"Hornsbergs Strand,",4888.0,8450000.0,2020-03-11,80476.0,6.0,105.0,4.0
Sara Lidmans gata 2,2.0,"Kungsholmen - Hornsbergs Strand,",2812.0,5000000.0,2020-03-11,76923.0,5.0,65.0,2.0
Vidargatan 6,44.0,"Vasastan,",6032.0,15700000.0,2020-03-11,108276.0,8.0,145.0,5.0
Metargatan 13,2.0,"SOFO - Södermalm,",1777.0,3100000.0,2020-03-11,93939.0,11.0,33.0,1.0
Sankt Eriksgatan 52A,57.0,"Kungsholmen/Fridhemsplan,",2716.0,3850000.0,2020-03-10,101316.0,12.0,38.0,2.0
Hälsingegatan 3,3.0,"Vasastan - Odenplan,",1178.0,4835000.0,2020-03-10,142206.0,25.0,34.0,2.0
Västmannagatan 76,3.0,"Vasastan - Odenplan,",4274.0,7550000.0,2020-03-10,92073.0,16.0,82.0,3.0
Hornsgatan 39B,5.0,"Maria,",3688.0,5730000.0,2020-03-10,98793.0,18.0,58.0,2.0
Igeldammsgatan 16,5.0,"Kungsholmen/Fridhemsplan,",2080.0,4050000.0,2020-03-10,109459.0,25.0,37.0,2.0
Upplandsgatan 74,2.0,"Vasastan - Odenplan,",3930.0,11400000.0,2020-03-10,117526.0,18.0,97.0,3.0
Kungsholmsgatan 20 A,1.0,"Kungsholmen/Kungsholmstorg,",3066.0,5580000.0,2020-03-10,94576.0,12.0,59.0,2.0
Döbelnsgatan 47,2.0,"Vasastan - Norrmalm,",1917.0,4160000.0,2020-03-10,118857.0,30.0,35.0,2.0
Roslagsgatan 13,2.0,"Vasastan,",3464.0,8165000.0,2020-03-10,113403.0,21.0,72.0,3.0
Heleneborgsgatan 25C,3.0,"Södermalm - Hornstull,",2077.0,3685000.0,2020-03-10,115156.0,29.0,32.0,2.0
Odengatan 94,2.0,"Vasastan,",2900.0,9260000.0,2020-03-10,114321.0,19.0,81.0,3.0
Torsgatan 58,1.0,"Vasastan,",4144.0,6850000.0,2020-03-10,87821.0,1.0,78.0,3.0
Atterbomsvägen 30,3.0,"Kungsholmen - Fredhäll,",1527.0,2700000.0,2020-03-10,108000.0,35.0,25.0,1.0
Västmannagatan 77,4.0,"Vasastan,",3833.0,9430000.0,2020-03-10,110941.0,18.0,85.0,3.0
Apelbergsgatan 60,3.0,"Vasastan City / Norrmalm,",3179.0,5400000.0,2020-03-10,103846.0,9.0,52.0,2.0
Hälsingehöjden 3,4.0,"Vasastan,",3387.0,6330000.0,2020-03-10,97385.0,21.0,65.0,2.0
Stigbergsgatan 32A,2.0,"Södermalm Sofia,",3100.0,6200000.0,2020-03-09,92537.0,15.0,67.0,3.0
Rödabergsgatan 9A,5.0,"Vasastan,",1694.0,3100000.0,2020-03-09,110714.0,19.0,28.0,1.0
Harry Martinsons gata 9,5.0,"Kungsholmen/Hornsbergs Strand,",4378.0,7950000.0,2020-03-08,77184.0,6.0,103.0,4.0
Wivalliusgatan 11,6.0,"Kungsholmen,",1670.0,2750000.0,2020-03-08,101852.0,11.0,27.0,1.0
Valhallavägen 152A,4.0,"Östermalm Karlaplan,",3604.0,9500000.0,2020-03-07,101064.0,6.0,94.0,4.0
Karlaplan 18,4.0,"Östermalm/Karlaplan,",5317.0,27900000.0,2020-03-07,150000.0,7.0,186.0,5.0
Storgatan 59,2.0,"Östermalm/Strandvägen,",2576.0,6550000.0,2020-03-07,114912.0,10.0,57.0,2.0
Gästrikegatan 8A,1.0,"Vasastan,",5215.0,9100000.0,2020-03-06,102247.0,10.0,89.0,4.0
Norrbackagatan 23,2.0,"Vasastan - Röda Bergen/Torsplan,",4113.0,7000000.0,2020-03-06,69307.0,4.0,101.0,4.0
Kammakargatan 21,2.0,"Vasastan - Norrmalm,",1797.0,2750000.0,2020-03-06,105769.0,10.0,26.0,1.0
Sven Rinmans gata 5,1.0,"Kungsholmen,",1869.0,4400000.0,2020-03-06,93617.0,14.0,47.0,2.0
Bergsundsgatan 14,1.0,"Hornstull,",2737.0,3320000.0,2020-03-06,89730.0,16.0,37.0,2.0
Ernst Ahlgrens Väg 4,1.0,"Kungsholmen - Fredhäll,",2193.0,3400000.0,2020-03-06,87179.0,14.0,39.0,2.0
Krukmakargatan 48A,4.0,"Södermalm,",3360.0,5750000.0,2020-03-06,92742.0,10.0,62.0,2.0
Karlavägen 57,4.0,"Östermalm,",810.0,4000000.0,2020-03-06,125000.0,13.0,32.0,1.0
Badstrandsvägen 26,2.0,"Kungsholmen - Stora Essingen,",2674.0,4275000.0,2020-03-06,76339.0,23.0,56.0,2.0
Sankt Eriksgatan 57A,1.0,"Kungsholmen,",1626.0,4000000.0,2020-03-06,114286.0,16.0,35.0,2.0
Gumshornsgatan 9,45.0,"Östermalm,",3181.0,8050000.0,2020-03-06,118382.0,16.0,68.0,3.0
Skeppargatan 94,2.0,"Östermalm / Nedre Gärdet,",1491.0,4200000.0,2020-03-05,97674.0,11.0,43.0,2.0
Jungfrugatan 64,5.0,"Östermalm / Nedre Gärdet,",1128.0,5250000.0,2020-03-05,105000.0,14.0,50.0,2.0
Ljusterögatan 3,2.0,"Sofia,",2794.0,4125000.0,2020-03-05,89674.0,18.0,46.0,2.0
Assessorsgatan 18B,4.0,"Katarina,",3320.0,8550000.0,2020-03-05,96067.0,24.0,89.0,3.0
Folkskolegatan 4,1.0,"Södermalm,",2040.0,3220000.0,2020-03-05,78537.0,17.0,41.0,1.0
Birkagatan 26,2.0,"Vasastan,",2753.0,6650000.0,2020-03-05,105556.0,17.0,63.0,2.0
Atlasgatan 9,2.0,"Vasastan - Atlas,",2809.0,7130000.0,2020-03-05,106418.0,19.0,67.0,3.0
Lustgårdsgatan 20,10.0,"Kungsholmen/Lindhagen,",2062.0,4400000.0,2020-03-05,95652.0,10.0,46.0,2.0
Smedsbacksgatan 10,3.0,"Gärdet,",2993.0,4925000.0,2020-03-05,92925.0,13.0,53.0,2.0
Gästrikegatan 8,4.0,"Vasastan,",4966.0,10500000.0,2020-03-05,123529.0,17.0,85.0,3.0
Rörstrandsgatan 25,4.0,"Vasastan/Birkastan,",1674.0,4630000.0,2020-03-05,102889.0,16.0,45.0,2.0
Jaktgatan 31,3.0,"Norra Djurgårdsstaden,",5215.0,9250000.0,2020-03-05,91584.0,9.0,101.0,4.0
Norra Stationsgatan 53,5.0,"Vasastan,",1795.0,2910000.0,2020-03-05,103929.0,22.0,28.0,1.0
Vitalisvägen 4,1.0,"Kungsholmen - Fredhäll,",2337.0,3500000.0,2020-03-05,81395.0,10.0,43.0,2.0
Jaktvarvsplan 3,1.0,"Kungsholmen,",2145.0,3830000.0,2020-03-05,103514.0,13.0,37.0,2.0
Tyskbagargatan 5,2.0,"Östermalm,",2763.0,7525000.0,2020-03-05,117578.0,17.0,64.0,2.0
Götgatan 90A,1.0,"Södermalm,",1173.0,3600000.0,2020-03-05,85714.0,13.0,42.0,1.0
